Id,Area,Bedrooms,Bathrooms,Floors,YearBuilt,Location,Condition,Garage,Price
1,1182.0,2,2,1,1976,Downtown,Good,Yes,258915
2,2884.0,4,3,2,1951,Rural,Good,No,434601
3,2345.0,4,3,1,2000,Suburban,Excellent,No,446259
4,2679.0,5,4,1,1959,Suburban,Good,Yes,512233
5,1284.0,3,3,1,1968,Downtown,Good,Yes,295831
6,1614.0,3,3,1,1962,Downtown,Excellent,Yes,393582
7,1054.0,4,4,1,1997,Downtown,Good,Yes,321915
8,3021.0,4,3,1,2005,Rural,Excellent,Yes,560948
9,2459.0,3,2,1,2021,Suburban,Fair,No,427887
10,2448.0,4,4,2,2005,Suburban,Good,Yes,529640
11,1601.0,2,2,1,1999,Downtown,Fair,Yes,338028
12,2849.0,4,4,1,1994,Rural,Fair,Yes,497679
13,3563.0,5,5,2,2008,Rural,Excellent,No,620626
14,1486.0,2,1,2,1988,Downtown,Fair,Yes,312108
15,1655.0,2,2,1,1970,Downtown,Good,No,298358
16,1166.0,2,2,1,2004,Downtown,Good,Yes,302788
17,1253.0,2,1,1,2006,Downtown,Good,No,266893
18,2249.0,4,4,2,1990,Suburban,Excellent,No,458637
19,2752.0,5,5,1,2019,Suburban,Fair,Yes,582959
20,1497.0,2,2,1,1998,Downtown,Good,Yes,310821
21,2082.0,3,3,1,1993,Suburban,Excellent,Yes,428684
22,1437.0,3,3,1,1984,Downtown,Good,Yes,361272
23,1386.0,1,1,1,1954,Downtown,Excellent,No,277979
24,1718.0,1,1,1,2020,Downtown,Fair,No,391874
25,1451.0,3,3,2,2000,Suburban,Good,No,293837
26,2840.0,5,5,2,2006,Suburban,Good,No,566978
27,1334.0,4,4,1,2007,Downtown,Excellent,Yes,447925
28,2561.0,4,4,1,1985,Suburban,Excellent,Yes,482538
29,1565.0,3,3,1,1959,Suburban,Good,No,234078
30,1868.0,3,2,1,1999,Downtown,Good,Yes,426419
31,2536.0,4,3,2,1986,Suburban,Fair,No,483340
32,1754.0,4,4,2,1969,Downtown,Good,Yes,356280
33,1202.0,1,1,1,1962,Downtown,Good,Yes,236244
34,2750.0,5,5,1,1968,Rural,Excellent,No,474648
35,1890.0,5,5,1,2005,Rural,Good,Yes,415351
36,2448.0,4,4,2,1994,Rural,Good,No,433299
37,2012.0,5,5,2,2009,Downtown,Fair,No,516020
38,1919.0,3,3,2,2017,Downtown,Fair,No,389795
39,2208.0,4,4,2,2006,Suburban,Good,No,460765
40,1713.0,3,3,1,2003,Suburban,Good,Yes,382397
41,1858.0,2,1,2,1986,Downtown,Excellent,No,379281
42,2210.0,3,3,2,1986,Suburban,Good,Yes,371237
43,672.0,1,1,2,1963,Downtown,Good,Yes,181001
44,3070.0,6,5,1,1993,Rural,Fair,No,534276
45,1590.0,3,3,2,1991,Downtown,Excellent,Yes,355291
46,2801.0,5,5,2,1950,Suburban,Excellent,Yes,555363
47,1162.0,3,3,2,1972,Downtown,Fair,Yes,310751
48,612.0,1,1,2,2013,Suburban,Excellent,Yes,171765
49,2340.0,5,4,2,1977,Suburban,Good,No,479403
50,1717.0,3,3,2,1953,Downtown,Fair,Yes,373520
51,1586.0,3,3,2,1990,Rural,Good,No,281875
52,1711.0,3,2,2,2009,Suburban,Good,No,359906
53,4253.0,6,5,1,1967,Rural,Fair,No,719866
54,2417.0,4,4,1,2012,Rural,Excellent,Yes,494016
55,2565.0,5,5,1,2010,Suburban,Excellent,No,494831
56,2210.0,3,3,2,1998,Rural,Good,Yes,329189
57,764.0,1,1,2,1996,Downtown,Good,No,224893
58,1532.0,3,2,2,1988,Downtown,Good,Yes,338754
59,1494.0,2,1,1,1955,Downtown,Good,No,266507
60,1440.0,2,2,1,2002,Downtown,Good,No,372908
61,1554.0,3,3,1,1974,Downtown,Fair,Yes,330149
62,1706.0,2,2,1,2014,Downtown,Good,Yes,385327
63,2510.0,4,3,2,1954,Rural,Excellent,No,415111
64,1094.0,3,2,1,2014,Downtown,Good,Yes,312563
65,1794.0,4,3,2,1957,Downtown,Fair,No,400565
66,1225.0,3,3,2,1988,Suburban,Excellent,Yes,295518
67,780.0,1,1,1,1992,Downtown,Good,Yes,229871
68,3044.0,6,5,2,1954,Rural,Good,No,525536
69,1803.0,2,1,1,1953,Downtown,Fair,No,334707
70,2566.0,4,3,1,1950,Rural,Good,No,364719
71,1502.0,1,1,2,2005,Suburban,Excellent,Yes,248763
72,1317.0,3,3,2,1994,Downtown,Good,No,328888
73,1495.0,2,2,1,2014,Downtown,Good,Yes,337980
74,1642.0,3,2,1,1952,Rural,Excellent,No,300724
75,1830.0,2,1,1,1971,Suburban,Excellent,No,318546
76,2526.0,5,5,1,2021,Suburban,Excellent,Yes,576876
77,2914.0,5,5,2,2005,Suburban,Good,Yes,583748
78,1432.0,1,1,2,1967,Downtown,Good,Yes,264775
79,1903.0,3,3,1,1974,Downtown,Excellent,No,413894
80,834.0,1,1,2,1997,Downtown,Excellent,Yes,269416
81,2996.0,4,4,1,1980,Rural,Fair,No,480642
82,1798.0,2,2,1,1979,Suburban,Fair,Yes,310691
83,1723.0,2,2,2,2015,Downtown,Good,No,397231
84,1501.0,3,3,2,1959,Downtown,Excellent,No,300392
85,2128.0,2,2,2,2020,Downtown,Good,Yes,483265
86,1250.0,1,1,2,2008,Downtown,Good,Yes,272225
87,2514.0,4,4,2,2000,Suburban,Fair,Yes,517358
88,2060.0,3,3,1,1958,Suburban,Good,No,367556
89,2505.0,6,5,2,2003,Rural,Excellent,No,460111
90,2108.0,5,5,2,2011,Suburban,Good,Yes,483927
91,1262.0,1,1,1,1958,Downtown,Excellent,No,286858
92,2193.0,4,3,2,1958,Suburban,Excellent,Yes,421268
93,2169.0,4,4,1,1973,Suburban,Good,Yes,425652
94,2321.0,3,2,1,1988,Suburban,Good,No,392612
95,2242.0,3,2,2,1957,Suburban,Good,Yes,417773
96,2599.0,4,4,1,1974,Suburban,Excellent,Yes,500743
97,2662.0,4,4,2,2015,Suburban,Good,Yes,582823
98,1675.0,2,1,1,1959,Suburban,Good,Yes,311814
99,1948.0,4,4,2,1973,Downtown,Excellent,Yes,493166
100,1125.0,1,1,1,2008,Downtown,Good,Yes,276857
101,1835.0,2,2,1,1980,Downtown,Excellent,No,369219
102,2510.0,4,4,1,1960,Suburban,Good,Yes,479152
103,835.0,2,2,2,1955,Downtown,Fair,Yes,242202
104,2246.0,3,3,2,2019,Suburban,Good,Yes,500612
105,2319.0,5,4,2,1981,Rural,Excellent,Yes,407826
106,1296.0,1,1,1,1988,Downtown,Good,No,333506
107,2875.0,4,4,1,1997,Suburban,Excellent,No,563164
108,1873.0,3,3,1,1962,Suburban,Excellent,Yes,391998
109,1277.0,2,1,2,2008,Downtown,Good,No,273827
110,1630.0,2,2,1,2016,Downtown,Excellent,Yes,375885
111,1874.0,4,4,2,2005,Downtown,Fair,Yes,412400
112,1543.0,2,2,2,1990,Downtown,Good,Yes,386964
113,3300.0,6,5,1,2005,Rural,Fair,Yes,593495
114,2919.0,5,4,1,1984,Rural,Excellent,Yes,538927
115,1111.0,2,2,2,1987,Suburban,Good,No,218371
116,2282.0,4,4,1,2016,Rural,Fair,Yes,410095
117,2263.0,6,5,1,1983,Rural,Good,No,435212
118,1792.0,2,2,1,2019,Downtown,Good,Yes,407577
119,1025.0,1,1,2,1960,Rural,Fair,Yes,158770
120,3475.0,5,4,2,1976,Suburban,Excellent,No,610666
121,2919.0,5,4,1,1997,Rural,Excellent,Yes,538342
122,2689.0,3,2,1,1973,Rural,Good,Yes,438862
123,2073.0,3,3,1,1967,Downtown,Excellent,No,431184
124,2537.0,5,4,2,1976,Downtown,Good,No,527064
125,1948.0,3,3,1,2003,Downtown,Excellent,No,420702
126,2674.0,4,4,1,2004,Suburban,Good,No,534374
127,2678.0,4,3,2,1970,Rural,Good,No,468216
128,2515.0,5,4,2,2008,Rural,Fair,No,494153
129,1410.0,2,2,2,1983,Downtown,Excellent,Yes,334451
130,1787.0,4,4,2,2007,Suburban,Good,Yes,343331
131,1856.0,4,4,1,1997,Suburban,Fair,Yes,404521
132,1060.0,2,1,1,2003,Downtown,Fair,Yes,268630
133,1570.0,3,3,1,1967,Downtown,Good,No,313917
134,926.0,2,2,1,1952,Downtown,Good,No,187900
135,2715.0,5,5,2,1973,Rural,Excellent,Yes,489764
136,1585.0,2,1,2,1950,Downtown,Excellent,Yes,329156
137,2273.0,3,3,2,1955,Suburban,Fair,No,356912
138,1939.0,2,1,1,1968,Suburban,Excellent,Yes,352290
139,2831.0,5,5,2,1992,Downtown,Fair,No,642495
140,3416.0,6,5,2,1957,Rural,Excellent,Yes,609186
141,1853.0,2,1,1,2018,Rural,Excellent,Yes,312125
142,1693.0,3,3,2,2001,Downtown,Good,Yes,365990
143,1896.0,2,2,1,1996,Suburban,Excellent,Yes,387581
144,1194.0,1,1,1,1977,Downtown,Good,No,291685
145,1064.0,2,2,2,1995,Downtown,Good,No,243971
146,1773.0,2,1,2,1953,Downtown,Excellent,No,282455
147,1859.0,3,3,1,1957,Suburban,Good,Yes,388760
148,2684.0,3,2,1,2010,Suburban,Good,Yes,560555
149,1998.0,3,2,2,1966,Downtown,Good,No,405512
150,2150.0,4,4,2,1983,Downtown,Excellent,No,493025
151,2089.0,3,3,2,1969,Rural,Good,Yes,350757
152,1790.0,3,3,1,1983,Downtown,Fair,Yes,406780
153,1853.0,3,3,1,1992,Downtown,Excellent,No,437554
154,1963.0,3,3,1,1959,Suburban,Excellent,Yes,389506
155,2137.0,3,3,1,1979,Rural,Fair,Yes,331078
156,2244.0,5,5,1,1974,Downtown,Good,Yes,516346
157,2314.0,3,3,1,2006,Suburban,Fair,Yes,441572
158,2518.0,4,4,2,2012,Suburban,Good,No,480080
159,1271.0,3,3,1,2020,Downtown,Good,No,352011
160,1590.0,5,5,2,1996,Suburban,Excellent,Yes,405225
161,1372.0,1,1,1,1952,Downtown,Good,Yes,260820
162,2138.0,4,3,1,1995,Suburban,Good,Yes,445846
163,1668.0,2,1,1,1985,Suburban,Good,Yes,320329
164,2195.0,3,4,1,1975,Suburban,Excellent,Yes,429917
165,925.0,1,1,1,1959,Downtown,Good,No,198786
166,1928.0,2,2,2,1983,Rural,Excellent,Yes,349201
167,1868.0,3,2,2,1957,Downtown,Good,Yes,399693
168,1842.0,2,2,1,2004,Downtown,Fair,Yes,396495
169,1443.0,3,3,1,1959,Downtown,Good,Yes,344542
170,1691.0,3,3,2,2006,Suburban,Good,Yes,356004
171,1686.0,3,2,2,1994,Suburban,Good,Yes,407485
172,1451.0,2,2,1,1999,Downtown,Fair,No,312851
173,2522.0,4,4,2,2013,Suburban,Fair,Yes,534662
174,1971.0,3,2,2,1951,Downtown,Excellent,Yes,392241
175,1952.0,2,2,2,1994,Suburban,Good,No,359730
176,1139.0,2,1,2,2011,Downtown,Excellent,No,307834
177,2334.0,3,3,2,1963,Suburban,Good,Yes,431362
178,1271.0,1,1,2,1964,Downtown,Good,No,219445
179,2289.0,2,1,1,1963,Rural,Good,Yes,342597
180,2130.0,4,3,2,1980,Downtown,Good,Yes,447755
181,1931.0,3,3,2,1978,Downtown,Good,Yes,435512
182,1663.0,4,4,2,1976,Downtown,Good,No,365659
183,1837.0,4,4,2,1958,Rural,Fair,No,313465
184,2727.0,4,4,1,1969,Rural,Good,Yes,465072
185,2025.0,3,3,1,2007,Downtown,Good,Yes,500738
186,2012.0,5,4,1,1998,Suburban,Excellent,No,479400
187,3411.0,6,5,1,2006,Rural,Excellent,Yes,691486
188,2846.0,5,5,1,1965,Suburban,Excellent,Yes,546688
189,3032.0,5,5,2,1957,Suburban,Excellent,No,560259
190,1722.0,2,2,1,2016,Downtown,Good,No,377790
191,1835.0,3,2,2,1968,Downtown,Good,No,394165
192,3449.0,5,5,2,2016,Rural,Excellent,No,650893
193,2868.0,3,2,1,1985,Rural,Good,Yes,442348
194,1949.0,2,2,1,2009,Suburban,Good,No,345858
195,1421.0,2,1,2,1985,Downtown,Fair,No,315435
196,1695.0,2,2,2,1960,Downtown,Good,Yes,348952
197,1555.0,3,2,2,2000,Suburban,Good,Yes,331283
198,2514.0,3,3,2,2004,Rural,Excellent,Yes,459618
199,3258.0,5,5,2,2003,Rural,Good,Yes,620395
200,1104.0,2,2,2,1966,Suburban,Good,No,179729
201,2967.0,5,5,2,2011,Suburban,Excellent,No,610658
202,2049.0,3,2,2,1991,Downtown,Fair,Yes,424113
203,1416.0,3,3,2,1973,Downtown,Good,Yes,307044
204,2926.0,5,5,1,1966,Rural,Fair,No,487887
205,2202.0,5,4,2,1997,Suburban,Excellent,Yes,549332
206,2092.0,3,4,1,2019,Downtown,Excellent,Yes,485696
207,1993.0,3,3,2,1956,Downtown,Good,Yes,407121
208,1500.0,2,2,1,1963,Suburban,Excellent,Yes,242049
209,1835.0,3,3,1,1960,Downtown,Good,Yes,381871
210,1518.0,3,3,1,1961,Downtown,Excellent,Yes,334817
211,2241.0,5,5,1,1954,Suburban,Excellent,Yes,462272
212,1836.0,4,4,1,1954,Suburban,Excellent,Yes,397740
213,3074.0,4,3,2,1969,Suburban,Fair,Yes,504429
214,2016.0,4,4,1,2003,Downtown,Excellent,Yes,502521
215,1830.0,2,2,1,2004,Suburban,Excellent,No,342777
216,1066.0,2,2,1,2007,Downtown,Good,No,244232
217,1446.0,2,2,2,1979,Downtown,Excellent,Yes,365324
218,2417.0,5,5,1,1973,Suburban,Good,Yes,468841
219,2320.0,3,3,1,1952,Suburban,Excellent,No,400729
220,3352.0,6,5,1,1997,Rural,Fair,Yes,596544
221,2595.0,3,2,2,2020,Suburban,Excellent,Yes,519570
222,2685.0,4,3,1,1971,Suburban,Good,No,475478
223,1731.0,2,2,1,1963,Downtown,Fair,No,317276
224,1044.0,1,1,1,1997,Downtown,Good,No,220826
225,1522.0,3,2,2,1978,Downtown,Fair,Yes,328902
226,2024.0,5,5,1,1999,Downtown,Good,No,493367
227,2569.0,6,5,2,1959,Rural,Good,Yes,479560
228,1801.0,3,3,1,2020,Downtown,Good,No,447657
229,2409.0,5,5,1,1976,Rural,Good,Yes,473457
230,1685.0,3,3,1,1977,Suburban,Good,Yes,367254
231,2138.0,4,4,1,1958,Suburban,Excellent,No,452017
232,2355.0,4,4,1,2020,Suburban,Fair,Yes,494039
233,1872.0,3,3,1,1975,Suburban,Excellent,Yes,405419
234,2082.0,4,3,1,1957,Suburban,Excellent,No,405779
235,1224.0,2,2,2,1951,Downtown,Good,Yes,297598
236,2760.0,5,5,2,2006,Suburban,Good,Yes,526816
237,1482.0,2,2,1,2001,Downtown,Excellent,Yes,357795
238,2181.0,4,4,2,2007,Downtown,Fair,No,488544
239,2964.0,4,4,2,1952,Suburban,Fair,No,513108
240,1568.0,3,3,2,1957,Downtown,Good,Yes,344638
241,1995.0,5,4,1,2008,Rural,Excellent,No,376469
242,1348.0,3,3,2,1951,Rural,Fair,Yes,214449
243,1717.0,4,4,1,2011,Rural,Good,No,367050
244,1050.0,2,1,2,1998,Downtown,Excellent,Yes,282422
245,2151.0,4,4,1,1969,Downtown,Excellent,Yes,487229
246,2669.0,5,5,1,1978,Rural,Good,No,525736
247,2395.0,5,5,1,1966,Suburban,Fair,Yes,468750
248,1268.0,1,1,1,1971,Rural,Excellent,Yes,197612
249,1881.0,2,2,2,1955,Rural,Good,Yes,285207
250,3132.0,6,5,1,2011,Rural,Fair,No,583487
251,1715.0,3,3,2,1980,Downtown,Fair,Yes,379819
252,1541.0,2,2,1,2011,Downtown,Excellent,Yes,392791
253,2939.0,4,4,1,1961,Rural,Good,Yes,458629
254,2254.0,3,3,2,1961,Downtown,Excellent,Yes,462151
255,1512.0,2,1,2,2012,Downtown,Excellent,Yes,337001
256,2235.0,5,4,1,1965,Suburban,Good,No,434421
257,2716.0,5,5,1,1974,Rural,Good,No,495809
258,3396.0,6,5,2,1971,Suburban,Good,Yes,640152
259,1150.0,2,2,1,1967,Suburban,Good,Yes,204774
260,1873.0,4,4,2,1994,Downtown,Good,Yes,437565
261,2143.0,4,4,2,2017,Suburban,Excellent,Yes,531907
262,2940.0,6,5,1,1961,Rural,Good,No,551785
263,1337.0,2,2,1,1998,Downtown,Excellent,Yes,329029
264,2176.0,3,3,1,1982,Suburban,Good,Yes,399328
265,3027.0,6,5,1,2012,Rural,Good,No,570918
266,3756.0,6,5,2,1967,Suburban,Good,Yes,721656
267,2604.0,4,3,2,2003,Suburban,Good,No,448347
268,1776.0,3,3,2,1976,Suburban,Excellent,Yes,357583
269,1430.0,3,3,2,1974,Downtown,Good,No,336399
270,1419.0,1,1,1,1983,Downtown,Good,No,285946
271,1523.0,3,3,2,2009,Rural,Fair,No,269869
272,2402.0,4,3,1,2003,Rural,Good,No,417418
273,3040.0,6,5,2,1954,Rural,Good,Yes,546518
274,1835.0,4,3,1,1985,Rural,Good,Yes,332662
275,2724.0,6,5,2,2003,Suburban,Excellent,No,556429
276,2444.0,5,5,2,1985,Suburban,Good,Yes,502784
277,1833.0,4,4,1,2018,Suburban,Excellent,Yes,448994
278,2129.0,5,5,1,1988,Suburban,Good,Yes,412793
279,2999.0,5,5,2,2019,Suburban,Good,Yes,625853
280,2567.0,4,3,1,1953,Suburban,Fair,Yes,471242
281,2605.0,5,4,2,2014,Rural,Good,Yes,495266
282,1505.0,3,3,2,1989,Downtown,Good,No,341597
283,1631.0,3,3,1,1986,Downtown,Good,Yes,361580
284,1395.0,3,2,1,2016,Downtown,Fair,Yes,348160
285,1148.0,2,1,2,1980,Suburban,Fair,Yes,203812
286,2417.0,3,2,1,1996,Downtown,Good,Yes,523713
287,2278.0,5,5,1,1976,Suburban,Excellent,No,484076
288,2399.0,4,4,2,2000,Suburban,Good,Yes,433934
289,1577.0,4,4,2,1969,Downtown,Good,Yes,398443
290,1832.0,2,2,1,1962,Suburban,Fair,No,337776
291,1526.0,2,1,1,2012,Downtown,Good,Yes,362411
292,960.0,2,2,2,1993,Downtown,Good,Yes,294885
293,3966.0,6,5,2,1973,Rural,Good,Yes,702474
294,1106.0,2,2,2,1952,Downtown,Good,No,258519
295,1187.0,2,2,1,1959,Downtown,Fair,Yes,279987
296,1980.0,3,3,2,2014,Suburban,Fair,Yes,428159
297,2844.0,4,4,2,1998,Suburban,Good,Yes,556266
298,1606.0,3,2,2,2007,Downtown,Fair,Yes,330575
299,1582.0,2,2,2,1951,Suburban,Fair,Yes,237464
300,2102.0,3,3,1,2015,Downtown,Good,Yes,445566
301,1892.0,4,4,2,1980,Downtown,Excellent,Yes,395284
302,2469.0,3,2,1,2017,Suburban,Good,No,447910
303,2558.0,5,5,1,1986,Suburban,Good,No,544723
304,3397.0,6,5,2,1973,Suburban,Good,Yes,609668
305,3293.0,4,4,2,1993,Suburban,Excellent,No,630076
306,2188.0,3,3,2,1990,Rural,Good,Yes,395185
307,3012.0,3,3,2,2000,Suburban,Fair,Yes,542493
308,1753.0,2,2,1,1991,Downtown,Good,No,389337
309,2450.0,5,5,2,1989,Suburban,Fair,No,485782
310,923.0,1,1,1,1997,Downtown,Good,No,259553
311,2115.0,4,4,2,1953,Suburban,Good,Yes,400389
312,1275.0,1,1,1,2009,Downtown,Excellent,No,310331
313,1931.0,4,4,2,1988,Downtown,Good,Yes,447539
314,3243.0,5,4,1,1954,Rural,Excellent,No,521668
315,1355.0,2,2,2,1955,Rural,Excellent,No,177786
316,2189.0,4,4,2,1963,Suburban,Fair,Yes,429181
317,2761.0,4,4,1,2019,Suburban,Good,No,574253
318,1525.0,2,2,2,1961,Downtown,Good,Yes,321846
319,1892.0,4,4,2,2011,Downtown,Good,Yes,479063
320,1740.0,3,2,2,1976,Downtown,Good,Yes,335615
321,2371.0,5,5,2,2003,Suburban,Excellent,Yes,542985
322,2064.0,4,4,1,1961,Suburban,Excellent,No,358495
323,1592.0,3,2,1,1957,Suburban,Good,No,251580
324,1151.0,1,1,1,1965,Downtown,Good,Yes,273150
325,3026.0,5,5,1,2001,Rural,Excellent,No,568906
326,2210.0,4,4,1,1975,Suburban,Excellent,No,446161
327,2131.0,5,4,2,1957,Suburban,Excellent,Yes,460061
328,1988.0,4,4,1,1994,Suburban,Fair,No,419418
329,2047.0,4,4,1,1968,Suburban,Good,Yes,402634
330,2019.0,4,4,1,1966,Downtown,Fair,No,425903
331,1466.0,2,2,2,2014,Downtown,Good,Yes,353353
332,1529.0,3,2,2,1978,Suburban,Fair,Yes,258324
333,1897.0,3,3,1,1963,Downtown,Good,Yes,387972
334,1518.0,2,2,2,1966,Downtown,Good,No,314545
335,1613.0,2,1,1,1962,Downtown,Fair,Yes,297275
336,2243.0,4,4,2,2012,Downtown,Good,Yes,507097
337,2588.0,5,5,2,1982,Rural,Good,Yes,504478
338,2345.0,2,2,1,1978,Suburban,Good,No,395194
339,1611.0,4,4,2,1986,Suburban,Fair,Yes,363013
340,1512.0,2,1,2,1995,Downtown,Good,Yes,291869
341,2505.0,3,2,1,1973,Suburban,Excellent,Yes,470382
342,1422.0,3,3,2,1963,Suburban,Fair,Yes,252355
343,1680.0,3,4,1,1954,Downtown,Fair,No,344611
344,2250.0,5,5,1,2002,Suburban,Good,No,453949
345,1617.0,3,3,1,1979,Downtown,Excellent,Yes,415079
346,2719.0,6,5,1,2009,Suburban,Good,Yes,628360
347,2367.0,4,3,1,1977,Suburban,Good,No,431756
348,2191.0,4,3,2,1975,Downtown,Good,Yes,459993
349,1203.0,2,2,1,1967,Downtown,Good,No,286555
350,2268.0,5,5,1,1985,Suburban,Fair,No,471995
351,2242.0,3,3,2,1957,Suburban,Good,No,383101
352,1958.0,3,3,2,1967,Rural,Excellent,Yes,358210
353,2678.0,4,4,2,2007,Suburban,Good,Yes,583883
354,2530.0,3,3,2,1981,Downtown,Excellent,No,490105
355,1593.0,3,4,2,1998,Downtown,Excellent,Yes,402932
356,2453.0,3,3,2,1997,Suburban,Fair,No,460298
357,1634.0,3,3,2,2020,Downtown,Excellent,Yes,483896
358,1843.0,4,3,2,2014,Suburban,Fair,No,389541
359,1508.0,2,2,1,1982,Rural,Good,Yes,209404
360,1847.0,4,4,1,1999,Suburban,Fair,Yes,408919
361,1043.0,1,1,2,1953,Downtown,Fair,Yes,190671
362,3052.0,6,5,1,1985,Suburban,Good,No,604784
363,2142.0,4,4,1,1977,Suburban,Good,No,381877
364,2027.0,2,2,2,1952,Suburban,Good,Yes,301249
365,3133.0,6,5,2,1955,Rural,Good,Yes,544902
366,1151.0,2,1,1,1994,Downtown,Fair,No,297189
367,2140.0,3,3,2,1972,Rural,Fair,Yes,314710
368,2641.0,3,3,2,1956,Rural,Good,Yes,406987
369,2012.0,3,3,2,2010,Downtown,Good,Yes,418566
370,1801.0,3,3,2,2014,Downtown,Excellent,Yes,456381
371,1699.0,3,3,2,1955,Downtown,Good,Yes,367330
372,1631.0,3,3,2,1973,Downtown,Excellent,Yes,352828
373,1760.0,3,2,1,1986,Downtown,Good,Yes,418425
374,2301.0,4,4,2,1994,Suburban,Good,Yes,420361
375,1188.0,1,1,2,2000,Downtown,Good,Yes,315853
376,1618.0,3,3,2,1994,Downtown,Good,Yes,419887
377,1956.0,2,2,2,2012,Rural,Good,Yes,349776
378,1632.0,3,3,1,1978,Downtown,Excellent,No,400495
379,2312.0,3,3,2,1974,Rural,Good,Yes,380479
380,2616.0,4,4,1,1959,Downtown,Excellent,Yes,502661
381,1584.0,4,4,1,1984,Downtown,Excellent,Yes,424605
382,1498.0,2,2,1,2004,Suburban,Excellent,Yes,291312
383,2133.0,4,4,1,1974,Suburban,Excellent,Yes,446548
384,2912.0,5,5,2,1994,Rural,Good,Yes,510324
385,3037.0,6,5,1,1961,Suburban,Good,No,593505
386,2246.0,3,3,1,1953,Rural,Good,Yes,366362
387,967.0,1,1,2,2016,Downtown,Good,No,261746
388,1927.0,4,4,1,1966,Downtown,Good,Yes,439155
389,1510.0,2,1,1,2014,Suburban,Excellent,Yes,376266
390,2338.0,3,2,1,2002,Rural,Good,Yes,427443
391,2445.0,4,4,1,2006,Rural,Good,Yes,502126
392,2165.0,4,4,1,1977,Suburban,Fair,Yes,401554
393,1876.0,4,4,1,1965,Downtown,Good,No,394007
394,1858.0,2,2,2,1970,Suburban,Fair,Yes,260032
395,1491.0,3,3,1,1991,Downtown,Excellent,No,360039
396,2591.0,5,4,1,2003,Rural,Good,No,476465
397,2690.0,5,5,2,1981,Rural,Fair,Yes,499227
398,2249.0,5,5,1,1987,Suburban,Fair,Yes,458548
399,2418.0,4,4,2,2019,Suburban,Good,Yes,525792
400,2622.0,4,5,1,1987,Suburban,Good,Yes,535895
401,1757.0,3,3,1,2003,Downtown,Good,Yes,401265
402,2872.0,5,5,2,2009,Rural,Fair,Yes,515239
403,1409.0,2,1,1,1996,Suburban,Good,Yes,280527
404,2630.0,5,4,1,1961,Rural,Good,Yes,462475
405,1792.0,3,3,2,2002,Downtown,Good,No,386894
406,3037.0,5,5,1,1982,Rural,Good,No,526636
407,1323.0,2,1,2,1977,Downtown,Good,No,239272
408,1336.0,3,3,2,1952,Downtown,Good,Yes,325055
409,2256.0,2,2,1,1975,Rural,Excellent,Yes,388321
410,1815.0,3,3,2,2003,Downtown,Good,Yes,422411
411,2014.0,3,3,2,1989,Downtown,Good,Yes,455686
412,2356.0,3,3,2,2015,Rural,Fair,Yes,421281
413,3145.0,5,5,2,2017,Rural,Good,No,620116
414,2262.0,4,3,2,1996,Suburban,Fair,No,395313
415,2138.0,4,4,1,1951,Suburban,Good,Yes,411860
416,2094.0,2,2,2,1991,Suburban,Excellent,Yes,425280
417,1899.0,4,3,1,1983,Downtown,Good,Yes,467303
418,1730.0,2,2,1,1970,Downtown,Fair,Yes,362450
419,3338.0,6,5,2,1993,Suburban,Fair,Yes,619300
420,1774.0,3,3,1,1951,Suburban,Good,Yes,287294
421,2459.0,3,3,2,2008,Suburban,Fair,Yes,462003
422,1935.0,4,4,1,1965,Suburban,Fair,No,375009
423,1252.0,2,2,2,1969,Downtown,Excellent,Yes,328192
424,2195.0,2,2,1,1975,Suburban,Good,No,339998
425,1655.0,4,4,1,1965,Downtown,Good,Yes,406824
426,3659.0,6,5,1,2019,Suburban,Excellent,Yes,676841
427,2108.0,3,3,2,1972,Suburban,Fair,Yes,366022
428,1922.0,3,3,1,1991,Rural,Excellent,Yes,386975
429,1709.0,3,2,2,1986,Downtown,Good,Yes,349300
430,770.0,1,1,1,2021,Downtown,Excellent,No,214032
431,1563.0,3,3,1,1955,Downtown,Good,No,314530
432,2208.0,3,3,1,1986,Suburban,Excellent,Yes,445599
433,2597.0,4,4,1,1971,Suburban,Excellent,Yes,481496
434,1989.0,3,3,2,1955,Downtown,Good,No,386754
435,1399.0,4,3,2,1981,Downtown,Excellent,Yes,367125
436,2125.0,3,2,1,1966,Suburban,Good,Yes,408414
437,1294.0,3,3,2,1987,Downtown,Good,Yes,321478
438,1923.0,3,3,2,1966,Rural,Good,No,308855
439,2355.0,4,3,1,1986,Suburban,Good,No,445980
440,1091.0,2,2,1,1972,Downtown,Fair,Yes,244055
441,1434.0,2,2,2,1998,Downtown,Good,No,340472
442,2003.0,4,3,1,2010,Rural,Good,No,398391
443,1820.0,4,4,1,1998,Downtown,Excellent,Yes,452208
444,2321.0,4,4,1,2010,Downtown,Excellent,Yes,552919
445,1819.0,4,4,2,1981,Rural,Good,Yes,325828
446,1488.0,2,1,1,2012,Rural,Good,No,263518
447,2525.0,4,3,1,1956,Rural,Good,Yes,419548
448,2208.0,3,3,1,1971,Suburban,Fair,No,373552
449,1687.0,3,3,1,1955,Downtown,Fair,Yes,358374
450,1421.0,2,2,1,2010,Downtown,Good,No,345069
451,2100.0,4,4,2,1963,Suburban,Good,Yes,443010
452,2384.0,3,3,1,1965,Suburban,Excellent,Yes,456907
453,2720.0,5,5,2,1952,Suburban,Good,No,523760
454,1427.0,3,3,1,1958,Rural,Good,No,278842
455,1452.0,1,1,2,1996,Downtown,Good,No,269148
456,2307.0,5,5,2,1991,Suburban,Fair,Yes,512853
457,1233.0,2,2,1,1991,Downtown,Good,No,264658
458,3066.0,4,4,2,1972,Suburban,Good,Yes,538245
459,1346.0,2,1,1,1952,Downtown,Good,Yes,270124
460,1583.0,3,2,2,1950,Downtown,Good,Yes,312863
461,1822.0,3,3,1,2016,Downtown,Excellent,Yes,433657
462,1904.0,4,4,2,2020,Suburban,Excellent,Yes,454594
463,1277.0,3,2,2,1952,Suburban,Good,No,224375
464,1986.0,4,3,2,1998,Suburban,Good,Yes,399098
465,3218.0,6,5,2,2016,Rural,Good,No,580236
466,1465.0,2,2,1,2004,Downtown,Good,Yes,381627
467,1261.0,3,2,2,1953,Downtown,Good,Yes,256453
468,3155.0,4,4,2,1980,Rural,Fair,Yes,521711
469,1468.0,3,3,2,2015,Downtown,Good,No,396190
470,2294.0,4,4,1,2013,Rural,Good,No,449782
471,1660.0,3,3,2,1980,Downtown,Good,No,369578
472,3062.0,5,5,1,2012,Rural,Excellent,No,568050
473,2553.0,3,2,2,2015,Downtown,Excellent,Yes,543239
474,3096.0,5,4,1,1980,Rural,Excellent,Yes,534502
475,2780.0,5,5,1,1996,Suburban,Good,No,542411
476,2296.0,5,4,2,1971,Rural,Excellent,Yes,434590
477,1190.0,1,1,1,1995,Downtown,Fair,Yes,257080
478,2231.0,5,5,2,2007,Suburban,Excellent,Yes,497627
479,2664.0,6,5,2,2010,Rural,Fair,Yes,483495
480,1661.0,3,2,1,1995,Suburban,Excellent,Yes,391667
481,2112.0,3,3,1,1950,Suburban,Good,Yes,401076
482,2400.0,4,4,2,1974,Suburban,Excellent,Yes,506171
483,2380.0,4,3,1,2010,Suburban,Excellent,Yes,511430
484,2452.0,4,4,2,1963,Suburban,Fair,Yes,456039
485,2345.0,3,3,2,1994,Suburban,Good,Yes,430349
486,2296.0,5,5,1,1988,Rural,Excellent,No,439638
487,1394.0,2,1,1,2015,Downtown,Good,Yes,370333
488,1120.0,1,1,1,1981,Downtown,Excellent,Yes,311916
489,3671.0,6,5,2,2007,Rural,Good,No,655018
490,2608.0,3,3,1,2005,Rural,Good,Yes,454585
491,2088.0,3,3,1,1955,Suburban,Good,Yes,394658
492,1736.0,5,4,2,2016,Suburban,Good,No,411127
493,2774.0,5,4,2,1999,Downtown,Excellent,Yes,618670
494,1171.0,1,1,1,1987,Downtown,Good,No,245809
495,1986.0,3,3,1,1952,Suburban,Good,No,320871
496,1766.0,3,2,2,1954,Downtown,Good,No,333983
497,2500.0,4,3,2,1973,Suburban,Good,Yes,462178
498,1983.0,4,4,2,2003,Downtown,Excellent,Yes,428876
499,3685.0,5,5,2,1983,Rural,Excellent,Yes,662149
500,2904.0,6,5,2,1988,Rural,Good,Yes,607796
501,1672.0,3,3,2,1997,Suburban,Excellent,Yes,365016
502,2072.0,4,4,2,1998,Suburban,Excellent,Yes,460623
503,1723.0,2,2,2,1983,Downtown,Good,Yes,342326
504,3841.0,6,5,2,1956,Rural,Excellent,Yes,645288
505,1501.0,2,2,1,1967,Suburban,Good,Yes,269985
506,2081.0,4,3,1,2019,Downtown,Fair,Yes,493775
507,2708.0,4,3,2,1983,Rural,Excellent,No,462882
508,3103.0,4,3,1,2000,Rural,Good,Yes,525145
509,2539.0,5,5,2,2017,Rural,Excellent,Yes,541947
510,1779.0,3,3,1,1963,Suburban,Excellent,No,350160
511,2575.0,4,4,2,2018,Suburban,Fair,Yes,525587
512,2527.0,4,3,1,1957,Suburban,Excellent,Yes,504686
513,3183.0,6,5,2,1964,Rural,Good,Yes,594030
514,2592.0,4,3,2,2008,Rural,Good,No,492328
515,1360.0,2,2,1,1960,Downtown,Good,Yes,261299
516,976.0,2,1,2,1969,Downtown,Excellent,Yes,275249
517,1928.0,2,2,1,2004,Downtown,Fair,Yes,442136
518,2854.0,4,3,1,1985,Rural,Good,No,430280
519,2021.0,4,3,1,1963,Rural,Good,Yes,348626
520,1385.0,2,2,1,2007,Downtown,Excellent,Yes,343781
521,1967.0,4,4,2,1987,Suburban,Good,No,399545
522,1007.0,2,1,1,1950,Downtown,Fair,Yes,239653
523,2109.0,4,4,2,2014,Rural,Good,No,369622
524,1920.0,4,4,1,1950,Rural,Good,Yes,341385
525,2353.0,4,3,2,2009,Rural,Excellent,No,428064
526,1831.0,4,3,1,1974,Suburban,Good,Yes,401787
527,1386.0,2,3,2,1959,Suburban,Good,No,261956
528,2409.0,6,5,2,1999,Downtown,Excellent,No,571178
529,2101.0,5,4,2,1961,Downtown,Fair,Yes,437686
530,2133.0,4,4,1,1981,Rural,Excellent,Yes,479523
531,2763.0,5,5,2,1982,Rural,Good,Yes,516623
532,2850.0,6,5,1,2021,Rural,Excellent,Yes,556456
533,3315.0,5,4,1,1975,Rural,Good,Yes,548512
534,1791.0,3,3,1,1991,Suburban,Fair,Yes,367347
535,2746.0,5,5,1,1999,Suburban,Excellent,Yes,564230
536,2271.0,4,3,1,2010,Rural,Excellent,Yes,431486
537,1798.0,3,3,2,1990,Rural,Excellent,Yes,371874
538,1890.0,3,3,1,2006,Downtown,Fair,No,431873
539,2845.0,4,4,1,1951,Suburban,Excellent,Yes,511958
540,2635.0,5,5,1,2019,Downtown,Excellent,Yes,654169
541,1880.0,4,3,2,1980,Rural,Good,Yes,326939
542,2549.0,4,4,2,1972,Suburban,Excellent,Yes,545893
543,1436.0,3,2,1,2003,Downtown,Excellent,Yes,389439
544,2592.0,4,3,2,1977,Suburban,Good,Yes,489242
545,1465.0,2,2,2,1968,Suburban,Fair,Yes,253910
546,1095.0,2,2,1,1997,Downtown,Good,No,257440
547,1290.0,2,2,2,1951,Downtown,Fair,Yes,205461
548,2239.0,4,4,2,1960,Suburban,Good,No,406842
549,1879.0,3,3,2,1993,Suburban,Good,No,366043
550,2530.0,5,5,1,2008,Suburban,Fair,No,469501
551,2713.0,6,5,1,2008,Suburban,Good,No,586583
552,2960.0,5,5,1,1987,Rural,Fair,Yes,527700
553,3009.0,6,5,2,1974,Suburban,Excellent,Yes,642353
554,2408.0,3,2,2,1970,Suburban,Excellent,No,410773
555,1870.0,4,4,1,1991,Rural,Fair,Yes,386067
556,2882.0,6,5,1,1985,Suburban,Excellent,Yes,592714
557,1358.0,3,3,2,1958,Downtown,Good,No,300263
558,1964.0,3,3,2,1961,Downtown,Good,No,394799
559,2987.0,3,2,2,1959,Suburban,Fair,No,468278
560,2428.0,4,4,2,2008,Suburban,Good,No,491544
561,1452.0,2,1,2,1954,Suburban,Excellent,No,204013
562,1233.0,1,1,1,1982,Downtown,Excellent,Yes,283039
563,2129.0,4,4,1,2018,Downtown,Fair,No,478874
564,1532.0,2,1,1,2012,Downtown,Fair,Yes,290967
565,1632.0,2,1,2,1978,Downtown,Good,Yes,350069
566,2579.0,4,3,1,1967,Suburban,Good,No,433480
567,1879.0,3,3,1,1955,Downtown,Good,Yes,410532
568,2339.0,5,4,1,2002,Suburban,Good,Yes,498185
569,2475.0,4,4,1,1981,Rural,Excellent,Yes,446806
570,1475.0,2,2,2,1991,Downtown,Excellent,No,365777
571,2629.0,4,4,1,1996,Suburban,Good,Yes,557871
572,2477.0,4,3,1,1980,Suburban,Excellent,No,474505
573,1497.0,3,3,2,2011,Downtown,Good,Yes,418144
574,2741.0,2,2,1,2005,Suburban,Good,No,466775
575,2523.0,5,5,2,1960,Rural,Good,No,465035
576,2089.0,4,4,2,1975,Rural,Good,Yes,372363
577,1296.0,1,1,2,1976,Downtown,Excellent,Yes,335721
578,2013.0,3,3,2,2006,Rural,Good,Yes,398669
579,2064.0,3,3,1,1976,Suburban,Good,No,388667
580,2093.0,3,2,2,2008,Downtown,Good,No,374534
581,1797.0,3,3,1,2011,Suburban,Fair,No,372202
582,2713.0,3,3,1,1969,Rural,Excellent,Yes,425974
583,1872.0,2,2,1,1952,Suburban,Good,No,310140
584,1496.0,4,3,1,1965,Downtown,Good,No,374141
585,1445.0,2,2,2,1993,Suburban,Good,No,295476
586,1512.0,3,2,1,1979,Downtown,Good,No,351506
587,1523.0,3,3,2,1989,Downtown,Fair,Yes,348221
588,1816.0,2,1,1,2014,Downtown,Good,Yes,354189
589,1689.0,3,3,1,1978,Downtown,Good,No,346799
590,1121.0,2,2,2,1979,Downtown,Excellent,No,271831
591,2034.0,3,3,1,1981,Downtown,Excellent,Yes,451825
592,2305.0,4,3,2,1959,Suburban,Excellent,Yes,477252
593,1679.0,3,2,1,2000,Downtown,Good,Yes,405751
594,1596.0,3,3,1,1957,Downtown,Good,Yes,404612
595,2289.0,5,4,1,2000,Rural,Fair,Yes,412171
596,2309.0,4,4,2,1985,Suburban,Excellent,No,495550
597,2438.0,3,3,1,2004,Suburban,Good,No,476547
598,901.0,1,1,1,1984,Downtown,Good,Yes,218830
599,1384.0,4,4,1,1985,Downtown,Good,Yes,347528
600,1498.0,3,3,2,2005,Downtown,Fair,Yes,353118
601,1702.0,4,3,2,1985,Downtown,Good,Yes,387645
602,2077.0,4,4,2,2010,Downtown,Fair,No,509176
603,1291.0,2,2,1,2011,Downtown,Excellent,No,353563
604,1401.0,3,3,2,1974,Downtown,Good,Yes,358586
605,1395.0,2,2,2,2013,Downtown,Fair,No,321418
606,1799.0,2,2,2,2009,Suburban,Good,No,336712
607,1461.0,2,2,2,2006,Downtown,Fair,No,330653
608,1908.0,4,4,2,2019,Downtown,Good,Yes,478322
609,1673.0,2,1,1,2001,Suburban,Excellent,No,323104
610,2414.0,4,4,2,2005,Suburban,Fair,Yes,493374
611,919.0,2,2,2,2012,Downtown,Excellent,Yes,269826
612,1919.0,3,3,1,2017,Suburban,Fair,Yes,405183
613,2035.0,3,3,1,1969,Suburban,Good,Yes,378828
614,2270.0,3,3,2,2003,Downtown,Excellent,Yes,487311
615,2435.0,3,3,1,1950,Rural,Good,Yes,396703
616,1279.0,1,1,2,1959,Rural,Fair,Yes,207243
617,800.0,1,1,1,1972,Downtown,Good,No,213732
618,1614.0,4,4,1,2000,Downtown,Good,No,395182
619,2968.0,4,4,1,1973,Rural,Excellent,Yes,539915
620,2388.0,4,4,1,1962,Suburban,Good,No,457912
621,1667.0,2,1,1,1978,Downtown,Excellent,No,346933
622,2065.0,4,4,1,2007,Downtown,Excellent,No,491364
623,1384.0,3,2,2,1992,Downtown,Good,Yes,347399
624,2647.0,5,5,2,1959,Suburban,Excellent,No,580440
625,1384.0,3,3,1,1980,Suburban,Good,No,291414
626,1238.0,2,2,2,1963,Downtown,Excellent,No,250483
627,1296.0,1,1,2,1983,Suburban,Fair,Yes,200226
628,2063.0,5,5,2,1966,Suburban,Good,Yes,432457
629,1581.0,2,2,2,1970,Downtown,Good,No,285562
630,1646.0,3,3,1,2016,Downtown,Good,Yes,405835
631,2231.0,4,4,1,2007,Suburban,Good,Yes,525926
632,2043.0,3,3,1,1957,Rural,Excellent,Yes,339166
633,2105.0,4,4,1,1987,Suburban,Fair,No,382399
634,1451.0,3,2,2,1975,Suburban,Fair,No,262747
635,2145.0,5,5,1,2013,Downtown,Excellent,Yes,548061
636,2048.0,3,3,2,1979,Suburban,Good,No,352694
637,1956.0,2,2,2,1958,Suburban,Excellent,Yes,322539
638,2236.0,3,3,2,1981,Downtown,Excellent,No,499453
639,1103.0,2,1,2,1960,Downtown,Excellent,No,261029
640,1150.0,2,2,1,1983,Downtown,Excellent,No,275699
641,1162.0,2,1,2,1967,Downtown,Good,No,214133
642,1573.0,1,1,1,1968,Downtown,Fair,Yes,278784
643,1773.0,3,2,2,2003,Downtown,Excellent,No,377645
644,1896.0,5,4,2,1986,Downtown,Good,Yes,444824
645,2629.0,5,4,2,1961,Downtown,Fair,No,566476
646,1250.0,3,3,1,1953,Rural,Good,No,207871
647,2504.0,5,5,2,1992,Suburban,Excellent,No,511768
648,1921.0,3,3,1,1976,Suburban,Good,Yes,388892
649,1907.0,4,4,1,2000,Suburban,Good,No,380195
650,1890.0,3,2,2,1954,Suburban,Good,Yes,325562
651,1236.0,2,1,1,1955,Downtown,Good,Yes,211400
652,3042.0,5,4,2,2005,Suburban,Good,No,614356
653,2621.0,4,3,1,2017,Suburban,Good,Yes,517085
654,2212.0,4,4,2,1993,Suburban,Fair,No,409509
655,2876.0,5,4,1,1964,Suburban,Excellent,Yes,573409
656,995.0,2,2,2,1991,Downtown,Good,Yes,242024
657,1068.0,2,2,2,1960,Downtown,Excellent,No,230864
658,729.0,2,2,2,1960,Downtown,Excellent,Yes,213438
659,1850.0,4,4,1,2015,Suburban,Good,Yes,394068
660,2281.0,4,4,2,1976,Suburban,Good,No,418073
661,1641.0,2,2,1,2007,Downtown,Good,Yes,368462
662,2690.0,4,4,1,2021,Rural,Excellent,No,509651
663,1494.0,3,3,1,1970,Suburban,Good,Yes,273390
664,1921.0,2,2,2,1970,Downtown,Good,No,358371
665,1696.0,4,4,1,2021,Downtown,Good,No,447221
666,1893.0,3,3,2,1950,Downtown,Good,No,388225
667,843.0,2,1,2,2007,Downtown,Fair,Yes,226807
668,1725.0,4,4,1,1962,Downtown,Good,No,378922
669,1125.0,1,1,2,1955,Downtown,Excellent,No,225877
670,1441.0,3,3,1,2007,Downtown,Good,No,322509
671,1814.0,3,2,2,1966,Downtown,Good,Yes,362267
672,2655.0,4,4,1,1961,Rural,Good,No,453343
673,1259.0,2,2,2,2001,Downtown,Excellent,No,339674
674,2203.0,5,5,1,2019,Suburban,Fair,Yes,504486
675,1434.0,2,1,1,2001,Suburban,Excellent,Yes,240410
676,3290.0,6,5,1,1986,Rural,Good,No,567701
677,1518.0,1,1,1,1952,Downtown,Good,Yes,291286
678,2047.0,4,4,1,1957,Downtown,Fair,No,457317
679,2284.0,5,5,1,1959,Rural,Fair,No,396199
680,2286.0,4,3,1,1996,Rural,Good,No,403509
681,2141.0,3,3,2,1990,Rural,Good,Yes,372597
682,1950.0,4,4,2,2013,Downtown,Excellent,Yes,463620
683,1316.0,4,3,2,1991,Downtown,Fair,No,339157
684,2522.0,3,2,2,1992,Suburban,Good,Yes,420704
685,2371.0,4,4,2,1958,Rural,Good,No,388680
686,1212.0,1,1,2,1963,Suburban,Fair,Yes,198741
687,1915.0,3,3,1,1953,Suburban,Fair,Yes,341510
688,1128.0,2,2,2,1951,Downtown,Good,Yes,218499
689,2217.0,3,3,1,1950,Suburban,Good,Yes,372304
690,1124.0,2,2,2,2014,Downtown,Good,No,309242
691,1970.0,2,2,2,1995,Downtown,Good,Yes,410704
692,2154.0,4,4,1,2008,Suburban,Good,Yes,442887
693,2111.0,2,2,2,1956,Suburban,Fair,Yes,316792
694,1862.0,3,3,1,2015,Downtown,Good,Yes,458772
695,1986.0,3,2,1,1964,Downtown,Excellent,Yes,418974
696,2190.0,3,2,1,2021,Suburban,Good,No,394867
697,1292.0,2,1,2,1996,Downtown,Good,Yes,297670
698,1313.0,1,2,2,1989,Suburban,Good,Yes,235955
699,1326.0,2,2,2,1991,Downtown,Excellent,Yes,342207
700,1891.0,2,1,1,2000,Suburban,Excellent,No,386622
701,2254.0,4,4,2,1984,Suburban,Good,Yes,425749
702,1462.0,2,1,2,1990,Downtown,Excellent,Yes,344864
703,1875.0,3,3,1,2006,Downtown,Fair,No,410877
704,1355.0,2,1,2,1987,Downtown,Fair,Yes,239567
705,1577.0,2,2,1,2021,Downtown,Excellent,Yes,417844
706,3310.0,5,5,1,1957,Rural,Excellent,Yes,636456
707,1737.0,2,2,1,2012,Downtown,Fair,No,369799
708,2564.0,5,5,2,1953,Rural,Good,Yes,489485
709,1359.0,4,3,1,1997,Downtown,Fair,No,310436
710,1883.0,5,5,1,2001,Suburban,Good,No,410087
711,1775.0,3,2,1,1987,Suburban,Excellent,Yes,370964
712,1929.0,4,4,1,1954,Suburban,Good,Yes,358894
713,2578.0,3,3,1,2019,Suburban,Good,Yes,503794
714,2089.0,5,4,1,1973,Suburban,Good,No,444842
715,1060.0,2,1,2,1966,Downtown,Fair,Yes,210789
716,3661.0,6,5,1,1975,Rural,Good,Yes,670624
717,2792.0,6,5,2,1952,Rural,Good,Yes,453552
718,1756.0,3,3,2,1951,Rural,Excellent,No,276914
719,1423.0,2,2,1,1951,Downtown,Excellent,Yes,307476
720,2255.0,4,4,1,1971,Suburban,Fair,No,393165
721,3623.0,5,4,2,2020,Rural,Excellent,Yes,658706
722,1157.0,3,3,1,1953,Downtown,Excellent,Yes,338653
723,1990.0,3,3,1,1987,Downtown,Excellent,Yes,482495
724,2900.0,4,3,1,2019,Suburban,Good,Yes,581078
725,1886.0,3,3,2,2001,Suburban,Good,Yes,415408
726,2433.0,5,5,2,1980,Rural,Good,Yes,445949
727,1185.0,2,2,2,1975,Downtown,Fair,No,225014
728,2098.0,3,3,2,1985,Suburban,Good,No,369663
729,1585.0,2,2,1,1975,Downtown,Good,No,305303
730,1864.0,3,3,1,1977,Downtown,Good,Yes,389475
731,2036.0,3,3,1,1954,Downtown,Excellent,Yes,441416
732,2151.0,3,3,1,1967,Rural,Good,Yes,364162
733,1216.0,4,4,1,1964,Suburban,Fair,No,259630
734,2189.0,3,2,1,2006,Suburban,Excellent,No,426703
735,1717.0,3,3,1,1954,Downtown,Excellent,Yes,410807
736,2750.0,4,3,1,1986,Rural,Excellent,Yes,459990
737,1469.0,2,1,1,1971,Downtown,Excellent,Yes,344615
738,2675.0,5,5,2,2001,Rural,Good,Yes,461492
739,2958.0,6,5,2,1964,Suburban,Excellent,Yes,581577
740,1753.0,3,3,2,1966,Downtown,Fair,No,391956
741,2013.0,2,1,1,2000,Suburban,Good,No,359936
742,1400.0,3,2,1,1994,Downtown,Good,Yes,331153
743,2115.0,3,2,1,2012,Suburban,Fair,Yes,432397
744,3018.0,6,5,1,1977,Suburban,Fair,No,585824
745,1527.0,1,1,1,2008,Downtown,Good,Yes,345097
746,2588.0,4,4,2,1970,Rural,Excellent,Yes,462154
747,1407.0,4,4,2,1991,Downtown,Good,Yes,404123
748,2749.0,4,4,1,2018,Suburban,Fair,Yes,526966
749,3776.0,6,5,1,1966,Rural,Excellent,Yes,655217
750,2425.0,4,4,1,2017,Suburban,Good,No,538465
751,1633.0,2,1,1,1956,Downtown,Good,Yes,301889
752,2622.0,4,4,1,1989,Rural,Good,Yes,418262
753,1008.0,1,1,1,1989,Suburban,Good,No,212787
754,1898.0,3,3,1,1992,Downtown,Good,Yes,457051
755,1654.0,4,4,1,2000,Downtown,Excellent,No,421982
756,2414.0,4,4,1,1972,Suburban,Good,No,397184
757,1844.0,3,3,1,1981,Suburban,Good,Yes,364179
758,2008.0,4,4,1,1980,Suburban,Excellent,No,471443
759,2353.0,4,4,2,1966,Rural,Excellent,Yes,435666
760,2711.0,4,4,1,2007,Suburban,Fair,No,531962
761,1448.0,2,2,2,1984,Downtown,Fair,Yes,336316
762,2433.0,4,4,2,1979,Downtown,Fair,No,512781
763,1772.0,2,1,2,2013,Downtown,Good,No,416816
764,1562.0,2,1,2,2002,Suburban,Good,Yes,332820
765,1549.0,2,2,2,2000,Downtown,Fair,Yes,342091
766,1874.0,5,5,2,1986,Suburban,Excellent,No,405364
767,1103.0,1,1,1,1955,Suburban,Good,No,179711
768,3560.0,6,5,1,1983,Rural,Good,Yes,632577
769,1881.0,4,4,2,2005,Downtown,Good,No,462277
770,2920.0,5,5,2,1974,Rural,Good,Yes,502841
771,1666.0,3,3,2,1962,Downtown,Fair,Yes,345917
772,1771.0,3,2,2,2012,Rural,Good,Yes,331413
773,1407.0,2,2,2,2015,Downtown,Excellent,Yes,344171
774,1937.0,2,2,2,1954,Downtown,Good,No,353247
775,1674.0,3,3,2,1960,Suburban,Good,Yes,342460
776,587.0,1,1,2,1993,Downtown,Good,No,218481
777,1509.0,2,2,2,2018,Downtown,Fair,Yes,336387
778,2129.0,3,3,2,1951,Suburban,Fair,Yes,391234
779,2268.0,5,4,2,1989,Suburban,Good,Yes,424822
780,2564.0,6,5,2,1986,Suburban,Good,Yes,540046
781,2519.0,4,4,1,1998,Suburban,Fair,Yes,494413
782,2329.0,4,4,1,1985,Suburban,Excellent,Yes,504684
783,2078.0,3,3,2,2019,Downtown,Excellent,Yes,479642
784,992.0,2,1,2,1983,Downtown,Excellent,Yes,274774
785,1802.0,4,4,1,2007,Downtown,Excellent,Yes,497707
786,2976.0,5,5,1,1986,Rural,Good,Yes,514901
787,1580.0,1,1,2,2009,Suburban,Excellent,No,255692
788,1449.0,3,3,2,1961,Suburban,Fair,No,293943
789,1827.0,4,4,2,1981,Suburban,Excellent,Yes,385200
790,2203.0,3,3,2,1953,Rural,Excellent,Yes,382204
791,1901.0,3,3,1,1982,Downtown,Excellent,Yes,483236
792,1893.0,3,4,1,1992,Suburban,Excellent,No,420179
793,1772.0,3,2,1,1958,Suburban,Good,Yes,298397
794,1894.0,3,2,2,2000,Suburban,Good,Yes,341118
795,2047.0,4,3,1,1969,Downtown,Good,Yes,418850
796,2608.0,4,4,2,1988,Rural,Good,Yes,470477
797,2492.0,3,3,2,1972,Rural,Fair,Yes,392295
798,2145.0,2,2,2,1990,Suburban,Good,No,407965
799,2846.0,6,5,2,1993,Suburban,Excellent,Yes,622807
800,2150.0,4,4,1,1984,Rural,Fair,No,355026
801,2858.0,5,4,2,1972,Suburban,Excellent,Yes,583028
802,1684.0,2,1,1,2007,Downtown,Excellent,Yes,425127
803,2120.0,3,3,1,1997,Suburban,Excellent,No,415800
804,3450.0,5,5,1,2007,Suburban,Excellent,Yes,700653
805,1672.0,2,1,1,2006,Suburban,Good,No,288013
806,2023.0,2,2,2,1988,Suburban,Excellent,Yes,386454
807,1861.0,3,2,2,1977,Rural,Excellent,Yes,309946
808,3171.0,5,5,1,2013,Rural,Fair,No,600844
809,3045.0,6,5,1,2011,Suburban,Good,Yes,617687
810,2268.0,4,3,2,2011,Downtown,Excellent,No,523100
811,3334.0,6,5,2,1975,Rural,Good,Yes,614433
812,2481.0,5,4,1,2000,Rural,Good,No,536922
813,1454.0,3,3,2,1999,Downtown,Good,Yes,360262
814,1597.0,3,3,2,1985,Rural,Fair,Yes,265027
815,3822.0,6,5,2,1975,Rural,Good,No,650202
816,2434.0,3,3,1,1982,Suburban,Excellent,No,433136
817,1954.0,4,3,2,2017,Suburban,Good,No,401196
818,2131.0,5,4,2,1957,Downtown,Fair,No,459468
819,1211.0,2,2,2,2015,Downtown,Fair,No,278365
820,1763.0,4,4,2,1972,Downtown,Good,Yes,427040
821,2496.0,3,3,2,2019,Rural,Excellent,Yes,486313
822,1855.0,2,2,1,2004,Downtown,Good,Yes,407068
823,1575.0,3,3,2,1992,Downtown,Good,Yes,394299
824,1020.0,2,3,2,1970,Downtown,Good,Yes,257420
825,2238.0,5,4,2,1971,Suburban,Good,Yes,403789
826,3229.0,5,5,1,1958,Rural,Excellent,Yes,574971
827,1588.0,2,1,1,1983,Downtown,Excellent,No,339350
828,1910.0,3,3,2,2008,Downtown,Fair,Yes,419849
829,1677.0,2,2,2,1975,Suburban,Good,Yes,325885
830,2187.0,3,2,1,1950,Suburban,Fair,Yes,382910
831,1350.0,3,3,2,1954,Downtown,Good,No,302286
832,2573.0,5,5,1,1990,Suburban,Good,No,517597
833,1613.0,3,3,2,2012,Downtown,Fair,No,406374
834,1876.0,2,2,2,1971,Downtown,Good,Yes,347173
835,2744.0,4,3,1,2017,Suburban,Good,Yes,531087
836,2546.0,3,3,2,1997,Suburban,Excellent,Yes,523487
837,2764.0,5,5,2,2015,Rural,Excellent,Yes,572778
838,1201.0,2,2,1,1965,Downtown,Fair,Yes,257851
839,2199.0,3,3,2,2002,Suburban,Excellent,Yes,464016
840,1933.0,3,2,1,2014,Suburban,Good,Yes,382087
841,1462.0,2,2,2,2013,Downtown,Good,No,342727
842,2013.0,4,3,1,2017,Suburban,Excellent,No,458834
843,1208.0,1,1,1,2012,Downtown,Excellent,Yes,342351
844,1426.0,1,1,1,2011,Rural,Excellent,Yes,276250
845,1333.0,1,1,1,2020,Downtown,Good,Yes,348870
846,2297.0,4,4,2,1994,Suburban,Good,Yes,431769
847,1061.0,1,1,1,2001,Downtown,Excellent,No,209138
848,2609.0,3,3,1,2014,Rural,Good,Yes,408217
849,3150.0,6,5,2,1951,Suburban,Good,No,603964
850,2712.0,5,4,1,1998,Suburban,Good,Yes,559821
851,2257.0,4,3,2,1971,Downtown,Good,No,436658
852,2396.0,5,5,2,1978,Suburban,Good,Yes,484707
853,2067.0,4,4,2,1984,Downtown,Fair,No,449971
854,2166.0,3,2,1,1973,Rural,Excellent,Yes,353434
855,1342.0,2,2,1,1979,Downtown,Fair,No,260787
856,504.0,1,1,2,1991,Downtown,Good,Yes,155907
857,2074.0,4,3,1,2020,Downtown,Good,Yes,469494
858,2970.0,5,5,1,1999,Suburban,Fair,No,570077
859,1923.0,3,3,1,2020,Suburban,Fair,No,428357
860,1498.0,3,3,1,2009,Downtown,Fair,No,331983
861,1823.0,3,3,2,1979,Suburban,Excellent,No,363950
862,2391.0,4,4,2,1961,Suburban,Good,No,447949
863,2762.0,6,5,2,1998,Suburban,Excellent,Yes,612276
864,1329.0,2,2,2,1995,Suburban,Good,Yes,266052
865,2405.0,3,2,1,1992,Suburban,Good,Yes,457683
866,2062.0,3,3,1,1951,Suburban,Good,No,364609
867,1645.0,3,3,2,2003,Downtown,Good,Yes,386127
868,1784.0,3,3,1,1984,Downtown,Excellent,Yes,385916
869,2487.0,4,3,1,2001,Rural,Good,Yes,420306
870,2538.0,4,4,2,1982,Rural,Good,No,454569
871,1514.0,3,3,2,2021,Downtown,Excellent,Yes,450890
872,1988.0,3,3,1,2000,Downtown,Excellent,Yes,462894
873,2409.0,4,4,2,1975,Suburban,Excellent,Yes,521618
874,2310.0,3,3,2,2011,Suburban,Good,Yes,456737
875,1092.0,1,1,1,2010,Downtown,Excellent,Yes,263284
876,1449.0,2,2,2,1975,Downtown,Good,No,297319
877,2649.0,4,3,1,1986,Suburban,Good,No,520486
878,2219.0,4,4,2,1979,Suburban,Good,No,413310
879,1864.0,3,3,2,1960,Downtown,Good,Yes,386007
880,2307.0,1,1,2,2002,Downtown,Fair,No,440069
881,2015.0,3,3,1,1990,Downtown,Good,Yes,465633
882,2247.0,3,2,1,1954,Suburban,Excellent,Yes,413441
883,1396.0,3,3,1,2015,Downtown,Good,No,371479
884,579.0,1,1,2,1962,Downtown,Fair,Yes,173174
885,2116.0,4,4,1,2012,Suburban,Fair,Yes,456331
886,1470.0,3,2,1,1974,Downtown,Excellent,No,371623
887,2395.0,3,3,1,1993,Suburban,Good,Yes,470574
888,1538.0,3,2,1,1963,Downtown,Good,No,315687
889,1472.0,2,2,1,2018,Downtown,Excellent,Yes,390389
890,888.0,1,1,2,2008,Downtown,Excellent,No,236881
891,1730.0,2,2,1,2005,Suburban,Good,Yes,319966
892,2886.0,4,4,1,2001,Rural,Good,Yes,488408
893,3630.0,6,5,2,2015,Rural,Excellent,No,675865
894,1561.0,3,2,2,2017,Downtown,Good,Yes,393978
895,2364.0,5,5,1,1961,Suburban,Fair,Yes,509606
896,1981.0,4,5,1,2017,Downtown,Excellent,Yes,526574
897,1276.0,1,1,2,1992,Downtown,Good,Yes,286343
898,2820.0,5,5,1,1955,Rural,Good,Yes,490793
899,1304.0,3,4,2,1964,Downtown,Good,Yes,317379
900,1946.0,3,3,1,1991,Downtown,Fair,No,407114
901,1661.0,3,3,1,1980,Downtown,Fair,Yes,361951
902,1719.0,3,2,1,2002,Downtown,Excellent,Yes,406789
903,1287.0,3,3,2,1955,Downtown,Fair,Yes,314365
904,2554.0,4,3,2,1982,Suburban,Good,Yes,458438
905,3242.0,5,5,1,1978,Suburban,Good,No,592074
906,1995.0,3,3,2,1970,Rural,Fair,Yes,309686
907,2396.0,5,4,1,2003,Rural,Excellent,No,472851
908,1693.0,2,2,1,2005,Downtown,Good,Yes,400197
909,1915.0,2,1,2,1970,Downtown,Good,No,360287
910,1376.0,2,2,1,2004,Downtown,Good,Yes,327961
911,783.0,1,1,2,2007,Suburban,Good,No,194406
912,2144.0,4,4,2,2013,Downtown,Fair,Yes,515501
913,2580.0,5,5,2,1995,Suburban,Excellent,Yes,556569
914,1329.0,2,2,2,1971,Suburban,Excellent,Yes,316912
915,1896.0,2,2,1,2009,Suburban,Good,Yes,381544
916,2984.0,6,5,1,1960,Suburban,Good,No,570640
917,2179.0,3,3,1,1996,Downtown,Excellent,Yes,456047
918,3163.0,5,5,1,1980,Rural,Excellent,Yes,541904
919,2112.0,4,4,1,1967,Suburban,Good,No,404160
920,1633.0,2,2,1,1971,Downtown,Good,Yes,364831
921,2521.0,4,4,2,2005,Rural,Good,No,462531
922,2764.0,5,5,1,1966,Suburban,Excellent,No,564091
923,2074.0,4,4,2,1987,Rural,Excellent,Yes,399974
924,1797.0,3,3,2,1974,Suburban,Fair,No,329694
925,2705.0,6,5,2,1981,Suburban,Good,Yes,555948
926,1582.0,1,1,1,1964,Downtown,Excellent,Yes,274404
927,2151.0,4,4,1,1962,Downtown,Excellent,Yes,523340
928,1864.0,3,3,1,2007,Suburban,Excellent,Yes,441706
929,2173.0,5,5,1,1999,Suburban,Excellent,No,510110
930,1231.0,2,2,1,1960,Downtown,Good,No,290610
931,1603.0,2,2,2,1962,Downtown,Good,Yes,315876
932,1713.0,3,3,1,1999,Rural,Good,Yes,343190
933,2307.0,4,3,2,1987,Rural,Fair,No,374312
934,1482.0,3,3,2,1950,Suburban,Good,Yes,290435
935,1878.0,2,2,1,1988,Downtown,Excellent,Yes,365984
936,1887.0,3,3,1,1976,Downtown,Fair,Yes,393294
937,908.0,2,1,2,1985,Downtown,Excellent,No,205323
938,3400.0,6,5,1,1981,Rural,Good,Yes,581867
939,2599.0,5,5,2,1990,Downtown,Excellent,No,577369
940,2223.0,2,2,1,1964,Suburban,Fair,No,333787
941,1344.0,2,1,2,1980,Downtown,Good,Yes,303773
942,3612.0,6,5,1,1955,Suburban,Good,Yes,701462
943,1541.0,2,2,1,2001,Suburban,Good,No,283333
944,2612.0,4,4,2,1971,Rural,Excellent,Yes,464833
945,1672.0,3,2,1,1980,Downtown,Excellent,No,390044
946,2138.0,1,1,1,1995,Downtown,Fair,No,363696
947,1744.0,2,2,1,2016,Downtown,Good,No,363070
948,2301.0,3,3,1,1992,Rural,Good,No,373504
949,2029.0,4,4,2,1950,Rural,Good,No,357681
950,2029.0,3,2,2,1993,Suburban,Excellent,No,351126
951,1697.0,3,3,2,2006,Suburban,Excellent,Yes,366113
952,2224.0,5,4,2,1958,Suburban,Good,Yes,478480
953,1374.0,3,2,1,1954,Downtown,Excellent,Yes,245743
954,1704.0,3,3,1,1958,Rural,Good,No,266905
955,2828.0,4,3,2,1994,Suburban,Excellent,Yes,588684
956,1401.0,3,2,2,1973,Downtown,Good,No,356811
957,1566.0,2,2,1,1991,Suburban,Excellent,Yes,348431
958,1533.0,2,2,1,1971,Downtown,Excellent,No,360073
959,1627.0,3,3,1,2009,Downtown,Good,Yes,376563
960,1327.0,2,2,2,1986,Suburban,Excellent,No,253678
961,1733.0,4,5,2,1988,Downtown,Fair,Yes,468030
962,1676.0,3,3,1,2002,Suburban,Good,Yes,354278
963,2284.0,4,4,2,1977,Downtown,Good,Yes,443883
964,1810.0,4,3,1,1964,Downtown,Excellent,No,415846
965,1440.0,3,3,1,2009,Downtown,Excellent,Yes,389182
966,1302.0,1,1,2,2009,Downtown,Excellent,Yes,322578
967,2148.0,4,4,1,1955,Suburban,Excellent,No,357241
968,1845.0,4,3,1,2001,Downtown,Good,No,357474
969,2187.0,4,4,2,1961,Suburban,Excellent,No,435321
970,2091.0,3,3,2,1968,Suburban,Good,Yes,381012
971,2229.0,3,3,2,1951,Suburban,Good,Yes,381227
972,2238.0,4,4,1,2004,Rural,Fair,No,413305
973,2028.0,3,3,1,1964,Suburban,Excellent,Yes,376662
974,766.0,1,1,2,2013,Downtown,Excellent,No,227159
975,1989.0,4,4,2,2018,Downtown,Good,Yes,475048
976,1720.0,3,3,2,1964,Downtown,Fair,Yes,384866
977,1813.0,3,2,1,1992,Suburban,Excellent,Yes,332132
978,2359.0,3,2,1,1966,Downtown,Fair,Yes,426276
979,2244.0,4,3,2,1973,Suburban,Excellent,Yes,476706
980,1682.0,2,2,2,1979,Suburban,Excellent,Yes,313019
981,1943.0,3,2,1,2016,Downtown,Good,No,426890
982,2399.0,4,4,1,2000,Suburban,Good,Yes,529351
983,1758.0,4,4,1,2009,Downtown,Excellent,No,454573
984,1430.0,3,3,1,1952,Downtown,Excellent,No,379716
985,2425.0,4,4,1,1954,Suburban,Good,Yes,484897
986,2069.0,4,3,1,1977,Suburban,Excellent,Yes,412265
987,2478.0,4,4,2,1960,Suburban,Fair,No,406108
988,1248.0,1,1,1,2021,Suburban,Good,No,233607
989,1426.0,2,2,2,2021,Downtown,Excellent,No,370349
990,3633.0,6,5,1,1964,Rural,Excellent,No,644313
991,1816.0,3,3,2,1997,Suburban,Fair,No,367666
992,1898.0,3,3,1,1995,Suburban,Excellent,Yes,382587
993,1421.0,4,3,2,1977,Downtown,Good,Yes,337998
994,1593.0,2,2,2,1956,Suburban,Good,No,279658
995,717.0,1,1,2,2020,Downtown,Fair,Yes,267983
996,1508.0,1,1,2,1955,Downtown,Excellent,No,258450
997,2682.0,5,5,1,2007,Rural,Fair,Yes,508800
998,1579.0,3,3,2,2017,Downtown,Good,Yes,391688
999,2513.0,5,4,2,2004,Rural,Good,No,470876
1000,2222.0,4,4,2,2016,Suburban,Excellent,Yes,467141
1001,2009.0,3,3,1,1998,Downtown,Good,Yes,446231
1002,2105.0,4,3,2,2000,Suburban,Excellent,Yes,484787
1003,2256.0,4,4,1,2008,Rural,Good,No,379054
1004,2059.0,2,2,1,1955,Suburban,Good,Yes,370297
1005,2948.0,6,5,1,2000,Rural,Good,No,521830
1006,2906.0,5,5,1,1987,Suburban,Excellent,Yes,600612
1007,1886.0,3,3,2,1960,Suburban,Excellent,No,369734
1008,2659.0,5,5,2,2001,Rural,Fair,No,496477
1009,1735.0,3,2,2,1969,Downtown,Good,Yes,359116
1010,1704.0,3,2,2,1959,Suburban,Fair,Yes,320571
1011,1608.0,2,1,2,1975,Downtown,Good,Yes,296552
1012,1721.0,3,3,2,1997,Rural,Good,No,330445
1013,1539.0,3,3,1,1963,Rural,Good,Yes,254777
1014,1747.0,2,2,2,2008,Downtown,Good,No,382199
1015,2008.0,4,4,2,1961,Suburban,Good,Yes,388791
1016,2721.0,5,4,2,1972,Rural,Good,Yes,521014
1017,1593.0,3,2,2,2021,Downtown,Excellent,Yes,425195
1018,1712.0,4,4,2,1988,Suburban,Good,Yes,396563
1019,2573.0,4,4,1,1958,Rural,Fair,Yes,443930
1020,1107.0,2,2,1,1974,Downtown,Excellent,No,267599
1021,2895.0,5,4,2,1966,Suburban,Good,No,534011
1022,1058.0,1,1,1,1991,Downtown,Good,Yes,254150
1023,2483.0,4,4,2,1978,Rural,Good,No,440672
1024,1975.0,3,3,1,2009,Rural,Good,No,342939
1025,2942.0,4,4,1,2016,Rural,Fair,No,495686
1026,2034.0,5,5,2,2006,Suburban,Good,Yes,498307
1027,2289.0,3,3,1,2021,Rural,Excellent,Yes,463694
1028,3112.0,4,3,2,1963,Rural,Good,Yes,481509
1029,1612.0,4,3,1,1988,Downtown,Good,No,426745
1030,2910.0,5,4,1,1965,Rural,Good,Yes,488631
1031,1207.0,1,1,2,1967,Downtown,Fair,Yes,242441
1032,1498.0,3,3,1,1969,Suburban,Good,Yes,335261
1033,1643.0,4,4,2,1995,Downtown,Excellent,Yes,465840
1034,1472.0,2,2,2,1994,Downtown,Fair,No,295376
1035,1851.0,5,5,1,1953,Downtown,Good,Yes,448177
1036,2160.0,2,2,2,1969,Suburban,Good,Yes,364378
1037,1682.0,3,3,2,1960,Downtown,Good,No,359351
1038,1388.0,3,2,1,2014,Suburban,Excellent,No,321046
1039,2355.0,5,3,1,1967,Downtown,Fair,No,459713
1040,1534.0,2,2,1,1988,Downtown,Good,No,302244
1041,2549.0,4,3,2,1993,Suburban,Fair,No,494990
1042,1782.0,3,3,2,1967,Suburban,Excellent,Yes,345609
1043,1723.0,3,3,2,1996,Downtown,Fair,Yes,428757
1044,1549.0,3,3,2,1980,Suburban,Good,No,300764
1045,2871.0,6,5,2,1988,Rural,Excellent,No,562288
1046,2022.0,3,3,2,1987,Suburban,Excellent,No,439418
1047,1612.0,3,3,2,1996,Downtown,Good,Yes,375611
1048,1879.0,2,2,1,2019,Downtown,Good,Yes,429463
1049,1860.0,3,3,2,1957,Rural,Good,Yes,318588
1050,1326.0,3,3,2,2014,Downtown,Good,Yes,345796
1051,2874.0,5,4,2,1962,Rural,Good,Yes,500771
1052,3249.0,6,5,2,2004,Suburban,Good,No,656290
1053,2517.0,4,3,1,1992,Rural,Good,Yes,487538
1054,2496.0,4,4,2,1953,Suburban,Good,Yes,448509
1055,2536.0,4,4,1,2020,Rural,Good,Yes,493484
1056,2377.0,4,4,2,2009,Downtown,Excellent,No,534429
1057,1326.0,2,1,1,1961,Suburban,Good,Yes,240621
1058,2247.0,5,4,2,2008,Suburban,Fair,Yes,463701
1059,1387.0,2,2,2,2003,Suburban,Fair,Yes,279910
1060,947.0,1,1,2,1993,Suburban,Excellent,Yes,254189
1061,2778.0,4,4,1,1965,Rural,Good,No,457622
1062,2684.0,4,3,2,1955,Rural,Fair,No,412021
1063,2058.0,3,2,2,1963,Suburban,Good,Yes,346025
1064,2147.0,4,4,2,2007,Suburban,Good,Yes,485761
1065,3749.0,5,5,1,1980,Suburban,Good,No,692511
1066,2071.0,3,3,2,1990,Suburban,Good,Yes,408690
1067,1804.0,3,3,1,1984,Downtown,Fair,Yes,440136
1068,1340.0,1,1,2,1959,Downtown,Excellent,Yes,267620
1069,1718.0,2,2,1,1979,Downtown,Good,No,317972
1070,1505.0,2,2,2,1993,Downtown,Good,Yes,339271
1071,1436.0,2,3,2,2004,Downtown,Excellent,Yes,352680
1072,2328.0,4,3,1,2020,Downtown,Good,No,514589
1073,2071.0,3,3,1,1967,Downtown,Good,Yes,426633
1074,1655.0,2,1,2,1988,Downtown,Good,Yes,375044
1075,1217.0,2,2,1,1991,Rural,Good,No,193088
1076,2019.0,5,5,2,2003,Suburban,Excellent,Yes,492284
1077,2681.0,6,5,1,1979,Downtown,Excellent,No,599999
1078,2085.0,2,2,1,1969,Suburban,Fair,Yes,372355
1079,2041.0,4,3,1,1991,Downtown,Fair,Yes,418985
1080,3465.0,6,5,2,1954,Rural,Excellent,Yes,595587
1081,2309.0,4,4,1,1999,Suburban,Excellent,Yes,479659
1082,1263.0,2,2,2,1990,Downtown,Excellent,Yes,297908
1083,982.0,2,2,2,1988,Suburban,Good,No,224049
1084,3010.0,5,5,1,2006,Rural,Good,Yes,581488
1085,2111.0,3,3,2,2006,Rural,Excellent,Yes,432864
1086,2288.0,3,3,1,1986,Suburban,Good,Yes,428781
1087,1575.0,2,1,2,1956,Suburban,Good,No,239675
1088,1494.0,3,3,1,1954,Downtown,Fair,Yes,298347
1089,2620.0,5,5,1,2000,Rural,Good,Yes,538289
1090,1707.0,3,3,2,1957,Downtown,Good,Yes,359176
1091,1931.0,3,2,2,2005,Rural,Good,Yes,329217
1092,2798.0,5,5,1,1960,Suburban,Excellent,Yes,573505
1093,1902.0,4,4,2,1971,Suburban,Good,No,368129
1094,1363.0,3,2,1,1960,Suburban,Excellent,Yes,260324
1095,1556.0,3,2,2,2009,Downtown,Fair,Yes,346623
1096,1614.0,3,2,2,1964,Downtown,Good,Yes,348130
1097,1664.0,3,3,1,1987,Downtown,Excellent,No,363854
1098,2145.0,3,2,1,1950,Downtown,Fair,Yes,395759
1099,2082.0,3,2,1,1995,Suburban,Fair,Yes,367915
1100,1552.0,3,2,1,1992,Downtown,Good,Yes,338761
1101,1159.0,2,2,1,1971,Downtown,Fair,Yes,251028
1102,3092.0,5,5,2,1952,Rural,Excellent,Yes,552822
1103,2711.0,5,5,2,1963,Rural,Excellent,Yes,513084
1104,2348.0,3,3,1,1951,Rural,Good,Yes,392451
1105,1457.0,3,3,2,2010,Rural,Good,Yes,277691
1106,2178.0,4,4,2,1981,Downtown,Good,Yes,514211
1107,1109.0,2,1,2,1987,Downtown,Excellent,Yes,356652
1108,1904.0,3,2,2,1995,Suburban,Fair,Yes,354106
1109,2379.0,4,3,2,1991,Suburban,Good,No,405546
1110,1121.0,2,2,1,1955,Downtown,Good,No,195038
1111,1704.0,3,2,1,1990,Rural,Good,No,274514
1112,750.0,1,1,1,1974,Downtown,Good,No,159198
1113,1888.0,4,4,1,1960,Downtown,Excellent,No,424990
1114,1927.0,4,4,1,1990,Suburban,Fair,No,400050
1115,3664.0,5,5,2,2020,Suburban,Fair,Yes,668168
1116,1703.0,3,3,1,2006,Suburban,Excellent,No,368896
1117,1231.0,2,1,2,1995,Downtown,Excellent,Yes,300392
1118,2261.0,4,4,1,1997,Rural,Fair,Yes,466375
1119,1697.0,4,3,2,2012,Downtown,Good,No,378262
1120,1412.0,2,2,2,1988,Downtown,Good,Yes,305135
1121,2967.0,5,5,1,1959,Rural,Good,Yes,518423
1122,2013.0,4,3,1,2019,Rural,Good,No,364646
1123,1771.0,2,1,2,2014,Rural,Fair,Yes,324298
1124,1521.0,2,2,1,2008,Rural,Good,Yes,251947
1125,1088.0,1,1,1,1985,Suburban,Excellent,No,191021
1126,1941.0,3,3,1,1976,Suburban,Good,No,390132
1127,1480.0,1,1,2,2004,Downtown,Good,Yes,291244
1128,1884.0,4,5,2,2019,Suburban,Fair,Yes,455247
1129,2097.0,5,5,2,2002,Downtown,Excellent,Yes,522711
1130,2091.0,4,4,2,2009,Downtown,Excellent,No,482002
1131,2033.0,2,2,2,2010,Suburban,Excellent,Yes,398428
1132,1303.0,2,1,2,1985,Suburban,Excellent,Yes,246092
1133,1373.0,2,2,2,1976,Downtown,Excellent,Yes,350558
1134,1360.0,2,2,1,1990,Downtown,Good,Yes,322021
1135,1871.0,4,4,1,1977,Suburban,Good,No,400051
1136,1321.0,3,3,2,1965,Downtown,Good,Yes,347026
1137,2208.0,3,3,2,1984,Rural,Excellent,No,397887
1138,2007.0,4,4,1,1985,Suburban,Excellent,Yes,402670
1139,1882.0,4,4,1,2005,Suburban,Good,No,380262
1140,2304.0,5,4,2,1968,Suburban,Fair,No,456758
1141,2816.0,6,5,2,2006,Rural,Good,Yes,555028
1142,1236.0,1,1,1,1982,Downtown,Excellent,Yes,303208
1143,2836.0,6,5,2,1972,Suburban,Good,Yes,563531
1144,1710.0,3,3,2,2012,Suburban,Good,No,348846
1145,953.0,1,1,2,2019,Downtown,Good,Yes,276792
1146,2828.0,5,4,1,1971,Rural,Good,No,438676
1147,1791.0,3,2,1,2016,Suburban,Excellent,No,374623
1148,2361.0,4,4,1,2008,Suburban,Good,No,476084
1149,1158.0,1,1,1,1974,Rural,Excellent,No,179013
1150,3435.0,6,5,2,1966,Rural,Good,Yes,572296
1151,2536.0,5,4,1,1988,Suburban,Good,Yes,479756
1152,1700.0,3,3,2,1988,Rural,Good,Yes,301718
1153,1461.0,3,3,1,1973,Suburban,Excellent,No,307879
1154,3036.0,5,4,1,1987,Suburban,Good,No,604319
1155,1831.0,4,4,2,2006,Suburban,Good,No,376289
1156,1783.0,2,2,2,1993,Suburban,Good,Yes,328409
1157,694.0,2,2,1,1985,Downtown,Excellent,Yes,280250
1158,2390.0,4,3,2,2019,Rural,Fair,No,452984
1159,2463.0,4,4,2,1994,Rural,Excellent,Yes,443407
1160,1886.0,4,4,2,1975,Downtown,Good,Yes,449938
1161,1761.0,2,2,2,1960,Rural,Good,No,273706
1162,992.0,1,1,1,2001,Downtown,Fair,Yes,244675
1163,1780.0,2,2,2,1974,Downtown,Good,Yes,333953
1164,2703.0,4,3,2,1980,Suburban,Good,Yes,485494
1165,972.0,3,3,1,1994,Downtown,Fair,Yes,268923
1166,3249.0,5,5,1,2016,Rural,Good,No,606665
1167,2623.0,3,3,2,1989,Rural,Excellent,Yes,451386
1168,2746.0,4,4,1,1995,Suburban,Fair,Yes,515239
1169,1572.0,2,2,1,2003,Downtown,Excellent,Yes,365038
1170,591.0,1,1,2,1990,Downtown,Good,No,129600
1171,2124.0,4,3,1,1987,Suburban,Good,Yes,490148
1172,3236.0,5,5,1,1985,Rural,Good,Yes,588810
1173,1753.0,4,4,2,1993,Suburban,Fair,Yes,417353
1174,1445.0,2,1,2,2006,Downtown,Fair,Yes,295038
1175,2112.0,4,4,1,2015,Suburban,Fair,Yes,488740
1176,750.0,1,2,2,1979,Suburban,Fair,No,133114
1177,3036.0,6,5,2,1959,Suburban,Good,No,580435
1178,1239.0,3,3,2,2010,Downtown,Excellent,Yes,391463
1179,2453.0,4,4,1,2012,Suburban,Excellent,Yes,563755
1180,2157.0,4,4,1,1985,Suburban,Good,No,423897
1181,3355.0,5,4,1,2003,Rural,Fair,Yes,564482
1182,1762.0,3,3,2,2014,Downtown,Good,No,408389
1183,2083.0,3,3,2,1953,Suburban,Good,Yes,388618
1184,2064.0,3,3,2,2004,Rural,Good,No,348725
1185,1919.0,3,3,2,2003,Downtown,Good,No,410303
1186,1476.0,2,1,2,2013,Rural,Good,No,209894
1187,2523.0,4,4,1,1971,Suburban,Good,No,439475
1188,1160.0,2,2,2,1974,Downtown,Good,Yes,287266
1189,2101.0,4,3,2,2008,Downtown,Excellent,No,507973
1190,2281.0,5,5,2,2006,Suburban,Excellent,Yes,550925
1191,1858.0,2,1,1,2003,Downtown,Good,Yes,445139
1192,2241.0,5,5,2,1993,Suburban,Excellent,No,528313
1193,899.0,1,1,1,2001,Downtown,Excellent,No,237935
1194,1770.0,3,2,1,1965,Suburban,Good,No,290280
1195,1869.0,2,1,2,1965,Downtown,Good,Yes,349225
1196,2700.0,5,5,2,2004,Rural,Good,No,491729
1197,3309.0,6,5,1,2010,Rural,Excellent,No,635577
1198,2842.0,4,4,2,1989,Rural,Excellent,Yes,542231
1199,1717.0,3,2,1,1970,Suburban,Fair,Yes,327721
1200,1282.0,3,2,1,2015,Downtown,Good,Yes,384488
1201,2251.0,4,4,1,1957,Suburban,Good,Yes,438067
1202,674.0,2,1,2,2020,Downtown,Good,No,190375
1203,2269.0,4,4,2,1959,Downtown,Fair,No,433247
1204,1777.0,4,4,2,2006,Downtown,Excellent,No,460629
1205,2814.0,3,3,2,1953,Suburban,Good,No,467277
1206,1410.0,4,4,1,1992,Suburban,Excellent,Yes,394100
1207,2822.0,6,5,1,2012,Suburban,Excellent,No,605068
1208,3316.0,5,4,2,1992,Suburban,Excellent,Yes,639825
1209,1072.0,1,1,1,2016,Downtown,Good,No,220140
1210,3063.0,5,5,2,2000,Rural,Good,Yes,547728
1211,2201.0,3,4,2,2005,Suburban,Fair,No,431945
1212,1428.0,3,3,2,1992,Suburban,Good,Yes,322176
1213,1797.0,3,3,1,1973,Downtown,Fair,Yes,396611
1214,2617.0,4,3,1,1983,Suburban,Good,No,487182
1215,1899.0,4,3,2,2008,Suburban,Good,Yes,409778
1216,2066.0,4,3,1,1951,Downtown,Fair,No,374727
1217,933.0,2,2,2,1951,Downtown,Fair,Yes,213563
1218,1453.0,2,2,1,1959,Suburban,Fair,No,237619
1219,2268.0,3,3,1,1972,Suburban,Excellent,Yes,471341
1220,1610.0,3,3,1,1964,Downtown,Excellent,Yes,410566
1221,2170.0,3,2,1,1966,Rural,Good,Yes,333871
1222,1924.0,2,1,2,1963,Downtown,Fair,Yes,335993
1223,2465.0,5,5,1,1965,Suburban,Fair,Yes,448607
1224,3115.0,6,5,1,1981,Rural,Fair,Yes,558987
1225,2138.0,4,4,1,1972,Suburban,Fair,Yes,403941
1226,2501.0,6,5,1,1983,Suburban,Excellent,Yes,613869
1227,1422.0,2,2,1,1965,Downtown,Good,Yes,276901
1228,2422.0,4,4,1,1983,Downtown,Good,No,501942
1229,2112.0,3,2,2,2020,Rural,Fair,Yes,360277
1230,3253.0,6,5,2,1982,Suburban,Good,Yes,633983
1231,2621.0,4,4,2,2017,Rural,Good,No,470763
1232,1050.0,2,2,2,1992,Downtown,Good,Yes,297107
1233,2147.0,3,3,1,2013,Downtown,Good,No,472941
1234,1650.0,2,2,2,2020,Downtown,Fair,Yes,395863
1235,2626.0,5,5,2,1967,Suburban,Good,Yes,497949
1236,2090.0,3,3,1,2017,Downtown,Good,Yes,499409
1237,2803.0,4,4,2,2010,Rural,Good,No,486308
1238,1904.0,4,3,1,1969,Suburban,Excellent,No,347980
1239,3185.0,6,5,1,1960,Rural,Good,Yes,559575
1240,1600.0,3,3,2,1995,Downtown,Good,Yes,386711
1241,3012.0,5,5,1,2013,Rural,Good,No,526140
1242,1123.0,2,2,1,1977,Suburban,Good,Yes,255465
1243,2423.0,4,4,1,1997,Suburban,Good,Yes,468074
1244,2217.0,4,3,1,1984,Rural,Good,No,359267
1245,3027.0,4,4,1,1957,Suburban,Excellent,No,542110
1246,2512.0,5,4,2,1971,Suburban,Fair,Yes,503759
1247,1696.0,3,2,2,1973,Downtown,Good,No,320121
1248,1795.0,2,1,2,2015,Downtown,Good,No,398685
1249,2001.0,3,3,1,2013,Rural,Excellent,Yes,342391
1250,3012.0,5,4,2,2014,Suburban,Good,Yes,609566
1251,3196.0,5,5,2,1963,Suburban,Good,Yes,565021
1252,2396.0,5,5,1,1974,Suburban,Fair,No,445891
1253,2236.0,4,3,2,1952,Downtown,Good,No,477977
1254,1372.0,2,2,2,1954,Downtown,Fair,Yes,253240
1255,1801.0,3,3,2,2014,Suburban,Good,No,372836
1256,2220.0,3,2,1,2003,Suburban,Fair,Yes,389556
1257,1774.0,3,2,1,1968,Downtown,Good,Yes,391212
1258,2003.0,4,3,2,2003,Suburban,Good,Yes,432890
1259,1815.0,4,4,2,1959,Downtown,Good,Yes,422407
1260,2353.0,4,4,2,1965,Suburban,Excellent,No,482947
1261,1201.0,3,3,2,1995,Downtown,Good,Yes,319276
1262,2459.0,5,4,2,1978,Suburban,Good,No,503161
1263,1945.0,3,3,1,1964,Downtown,Good,Yes,441720
1264,2286.0,5,5,2,1997,Suburban,Fair,Yes,493107
1265,2061.0,4,3,1,1960,Downtown,Excellent,No,409467
1266,1113.0,1,1,2,1983,Downtown,Fair,Yes,210482
1267,1787.0,4,4,2,1985,Downtown,Good,Yes,439195
1268,1615.0,4,4,1,1979,Suburban,Good,Yes,330850
1269,1643.0,3,2,2,1968,Suburban,Good,No,264987
1270,1348.0,2,2,1,2017,Downtown,Good,Yes,363265
1271,1729.0,3,2,1,2019,Suburban,Good,Yes,360088
1272,2271.0,4,4,1,1982,Rural,Fair,Yes,463938
1273,2093.0,4,4,1,1971,Suburban,Excellent,Yes,422065
1274,1935.0,4,3,1,1985,Downtown,Good,No,409456
1275,2039.0,3,3,1,1972,Suburban,Excellent,Yes,413863
1276,966.0,3,2,2,2012,Downtown,Excellent,Yes,323123
1277,2056.0,3,2,2,1975,Downtown,Excellent,Yes,435812
1278,2098.0,4,4,2,2009,Rural,Good,Yes,410680
1279,1577.0,2,2,1,1954,Downtown,Good,No,382705
1280,2423.0,4,4,2,2003,Suburban,Excellent,Yes,555241
1281,2300.0,4,3,2,1987,Suburban,Good,No,456061
1282,2747.0,5,5,1,2011,Suburban,Fair,Yes,532790
1283,2440.0,4,4,2,1974,Suburban,Excellent,Yes,488055
1284,1255.0,3,3,1,1961,Downtown,Excellent,No,326335
1285,2471.0,4,3,2,1971,Downtown,Good,Yes,518394
1286,2297.0,3,3,1,1958,Suburban,Fair,No,415442
1287,1541.0,4,3,1,1978,Downtown,Good,No,344224
1288,1986.0,4,4,2,1993,Downtown,Excellent,Yes,482252
1289,1700.0,1,1,1,1976,Downtown,Excellent,Yes,327881
1290,1760.0,3,3,1,2004,Downtown,Good,No,432744
1291,2597.0,3,3,2,1954,Downtown,Fair,Yes,494488
1292,1490.0,2,2,2,2001,Downtown,Excellent,Yes,354087
1293,2041.0,1,1,2,1962,Suburban,Good,Yes,327744
1294,2258.0,4,4,1,1991,Suburban,Good,Yes,460997
1295,3243.0,5,5,1,1964,Rural,Excellent,No,543801
1296,997.0,2,2,2,1967,Downtown,Fair,Yes,260209
1297,814.0,1,1,1,1999,Downtown,Good,Yes,224878
1298,1365.0,2,2,1,1951,Downtown,Fair,No,246001
1299,1383.0,2,2,2,1962,Suburban,Good,Yes,234219
1300,1988.0,4,4,1,2017,Suburban,Excellent,Yes,486464
1301,1801.0,4,4,1,1996,Downtown,Good,No,431683
1302,2066.0,4,3,1,1999,Rural,Excellent,Yes,390489
1303,1029.0,1,1,1,1961,Downtown,Good,No,191589
1304,2235.0,5,5,1,1962,Suburban,Good,No,442458
1305,2631.0,3,3,1,1958,Suburban,Good,Yes,457046
1306,1583.0,2,2,1,2008,Rural,Good,Yes,290950
1307,2610.0,4,4,2,1994,Suburban,Good,Yes,467648
1308,3090.0,6,5,2,2019,Rural,Fair,Yes,596877
1309,1982.0,3,3,1,1992,Downtown,Good,No,389284
1310,3331.0,5,5,2,1972,Rural,Good,No,600866
1311,2481.0,3,3,1,1994,Downtown,Excellent,Yes,552780
1312,2386.0,5,5,1,1972,Rural,Good,No,461552
1313,2255.0,4,3,1,1983,Suburban,Excellent,No,383574
1314,2350.0,4,4,2,1965,Rural,Fair,No,376766
1315,2201.0,3,3,2,2012,Suburban,Good,Yes,441637
1316,2966.0,4,4,2,2000,Suburban,Good,Yes,581724
1317,1527.0,2,2,1,1981,Suburban,Good,Yes,316568
1318,1769.0,3,3,1,1987,Suburban,Fair,No,367565
1319,2151.0,3,2,2,2005,Downtown,Excellent,Yes,420332
1320,2008.0,3,3,1,2018,Downtown,Excellent,Yes,461837
1321,1455.0,2,1,2,1966,Downtown,Good,Yes,299769
1322,1942.0,3,2,2,1988,Downtown,Fair,Yes,424297
1323,2805.0,4,3,2,1990,Rural,Excellent,Yes,523671
1324,2200.0,4,4,2,1997,Downtown,Good,No,493836
1325,2645.0,4,4,2,1977,Rural,Excellent,Yes,465512
1326,2010.0,3,2,2,1999,Downtown,Excellent,Yes,440339
1327,2657.0,5,5,2,1950,Downtown,Excellent,Yes,550103
1328,2499.0,3,2,1,1999,Suburban,Good,Yes,437245
1329,2225.0,4,4,2,1968,Suburban,Fair,Yes,399437
1330,2561.0,4,4,1,2008,Suburban,Good,Yes,490340
1331,2017.0,2,2,1,2017,Suburban,Good,Yes,403682
1332,3394.0,6,5,1,2016,Suburban,Excellent,Yes,706937
1333,1672.0,2,1,1,1990,Downtown,Fair,Yes,317287
1334,2436.0,4,4,2,1959,Rural,Fair,Yes,363158
1335,2099.0,4,4,2,1977,Rural,Excellent,No,380464
1336,2749.0,5,5,1,1983,Suburban,Excellent,No,590441
1337,1947.0,3,3,1,1988,Downtown,Excellent,Yes,446429
1338,1951.0,3,3,2,2005,Suburban,Excellent,Yes,442205
1339,1831.0,4,4,2,2001,Downtown,Good,No,438138
1340,997.0,2,1,2,1952,Downtown,Good,Yes,219887
1341,1674.0,2,2,1,1972,Downtown,Excellent,No,314705
1342,2426.0,3,3,2,1966,Suburban,Good,No,408692
1343,3624.0,5,5,1,2020,Rural,Good,Yes,651437
1344,1815.0,3,3,1,1975,Suburban,Fair,Yes,383020
1345,1561.0,3,2,1,1967,Suburban,Good,No,290710
1346,1752.0,4,3,1,1995,Suburban,Excellent,Yes,432173
1347,1065.0,2,2,1,2019,Downtown,Good,Yes,331494
1348,2135.0,4,3,2,1980,Downtown,Good,Yes,439319
1349,3529.0,5,5,1,1958,Rural,Good,Yes,595656
1350,1728.0,4,3,1,1984,Downtown,Good,No,434056
1351,3333.0,5,5,1,2009,Rural,Good,No,613007
1352,2267.0,4,4,1,2012,Suburban,Good,No,477428
1353,2152.0,3,3,2,2001,Suburban,Excellent,Yes,469705
1354,2033.0,4,4,1,1997,Suburban,Good,Yes,445558
1355,2045.0,2,1,2,2010,Suburban,Fair,Yes,384498
1356,1671.0,3,2,1,1973,Rural,Fair,Yes,279609
1357,2759.0,5,5,2,2007,Rural,Good,Yes,522943
1358,2180.0,3,3,2,2013,Suburban,Good,No,400062
1359,1898.0,2,2,2,1979,Downtown,Excellent,No,342907
1360,2247.0,4,3,2,1978,Suburban,Good,Yes,426185
1361,2502.0,4,3,2,1959,Rural,Excellent,No,429154
1362,1252.0,2,1,1,1988,Downtown,Good,Yes,295530
1363,2236.0,4,4,2,2004,Suburban,Good,Yes,484215
1364,2569.0,6,5,2,1977,Suburban,Good,No,514666
1365,1628.0,4,4,2,1967,Suburban,Excellent,Yes,437666
1366,1635.0,4,4,1,1990,Downtown,Good,No,446933
1367,2317.0,4,4,1,2014,Suburban,Good,No,435682
1368,2169.0,4,3,2,1995,Rural,Good,Yes,415227
1369,1365.0,1,1,1,2009,Downtown,Fair,No,308612
1370,1692.0,2,2,1,1958,Downtown,Good,Yes,283434
1371,1920.0,3,2,1,1994,Rural,Good,Yes,340067
1372,1740.0,2,1,2,2009,Downtown,Good,Yes,390026
1373,2063.0,3,2,2,1977,Rural,Good,Yes,340526
1374,2731.0,3,2,1,1952,Suburban,Good,No,446774
1375,2535.0,4,4,1,2000,Downtown,Excellent,Yes,568718
1376,2084.0,4,4,1,1957,Rural,Excellent,No,387148
1377,2467.0,5,5,1,2019,Suburban,Excellent,Yes,599990
1378,1837.0,3,3,2,2008,Suburban,Fair,Yes,398051
1379,2016.0,3,2,2,2010,Downtown,Fair,No,448228
1380,1567.0,1,1,1,2007,Suburban,Good,Yes,269614
1381,1792.0,2,1,2,2019,Downtown,Good,Yes,444134
1382,1251.0,1,1,2,1961,Downtown,Good,Yes,258038
1383,2476.0,4,4,1,1958,Rural,Fair,Yes,400841
1384,1188.0,2,2,1,1998,Downtown,Good,Yes,311967
1385,2611.0,4,4,2,1966,Suburban,Fair,No,448212
1386,1265.0,2,2,1,2003,Downtown,Excellent,Yes,340441
1387,2476.0,4,3,2,1993,Suburban,Good,Yes,487657
1388,1462.0,2,1,1,1981,Downtown,Good,No,280738
1389,2531.0,5,5,2,1984,Rural,Fair,Yes,472700
1390,2274.0,3,3,2,1998,Suburban,Good,No,408706
1391,1295.0,2,2,2,2003,Downtown,Good,Yes,303529
1392,1684.0,3,2,2,1965,Downtown,Excellent,Yes,351386
1393,2212.0,3,3,2,1961,Downtown,Excellent,No,434910
1394,1811.0,4,4,2,1957,Suburban,Good,Yes,352511
1395,2069.0,4,4,1,1970,Downtown,Excellent,No,471048
1396,3499.0,5,4,1,1997,Rural,Excellent,Yes,661873
1397,1792.0,3,3,2,1957,Suburban,Excellent,Yes,373156
1398,1018.0,2,1,2,1977,Downtown,Excellent,Yes,291161
1399,2351.0,4,4,1,1959,Suburban,Good,Yes,466168
1400,1926.0,4,3,1,2001,Suburban,Good,No,371919
1401,2347.0,4,3,2,1964,Downtown,Fair,Yes,457615
1402,1614.0,4,4,1,1953,Downtown,Fair,No,394477
1403,1279.0,1,1,1,2011,Downtown,Excellent,No,290528
1404,1626.0,3,3,2,1953,Suburban,Good,Yes,356094
1405,2745.0,4,3,2,1990,Suburban,Excellent,Yes,524795
1406,1914.0,4,3,1,2004,Suburban,Excellent,No,364927
1407,2626.0,3,3,1,1977,Rural,Excellent,No,430670
1408,3173.0,6,5,1,1996,Rural,Excellent,Yes,636007
1409,1958.0,3,3,1,1958,Suburban,Good,Yes,402410
1410,2572.0,4,4,2,1951,Rural,Fair,Yes,380936
1411,1593.0,2,1,2,2016,Downtown,Good,No,368510
1412,1873.0,3,2,1,1997,Downtown,Fair,Yes,424372
1413,1836.0,4,4,1,2018,Downtown,Fair,No,472275
1414,1512.0,3,3,1,1977,Downtown,Good,Yes,288483
1415,2232.0,4,3,2,1963,Suburban,Excellent,Yes,480241
1416,2377.0,5,5,1,1995,Rural,Good,Yes,478033
1417,1009.0,2,1,2,1962,Downtown,Good,Yes,243546
1418,1703.0,2,2,2,1965,Downtown,Good,Yes,370289
1419,3146.0,6,5,2,1989,Suburban,Good,Yes,574574
1420,2070.0,3,2,2,2021,Rural,Fair,Yes,396623
1421,1291.0,2,2,1,1979,Downtown,Excellent,Yes,378357
1422,1765.0,2,1,2,2014,Suburban,Good,Yes,310854
1423,1890.0,4,4,1,2007,Downtown,Excellent,No,465753
1424,1779.0,3,3,2,1997,Downtown,Fair,Yes,401780
1425,2505.0,4,3,1,1998,Rural,Excellent,Yes,477601
1426,2049.0,3,2,2,1951,Rural,Good,Yes,326007
1427,1637.0,3,3,1,1963,Downtown,Good,No,328440
1428,1661.0,2,2,2,1966,Rural,Good,Yes,260337
1429,2272.0,4,3,1,1980,Suburban,Excellent,No,488326
1430,3123.0,6,5,2,1959,Rural,Good,No,549591
1431,1574.0,3,3,1,2019,Suburban,Good,No,356044
1432,1434.0,2,2,1,1986,Suburban,Excellent,Yes,287508
1433,2990.0,4,3,2,2013,Suburban,Excellent,No,608799
1434,1894.0,5,5,2,1979,Suburban,Good,Yes,419342
1435,2054.0,5,5,1,1983,Downtown,Excellent,Yes,459632
1436,1538.0,3,3,2,1967,Downtown,Good,No,345484
1437,1535.0,2,1,2,2012,Downtown,Good,Yes,368705
1438,2419.0,4,3,2,1998,Suburban,Good,No,454181
1439,1246.0,2,2,1,2005,Downtown,Excellent,Yes,280343
1440,2266.0,5,5,1,2007,Suburban,Excellent,No,479352
1441,2371.0,4,4,2,1976,Rural,Good,Yes,419214
1442,1072.0,1,1,1,2004,Downtown,Good,Yes,253951
1443,2369.0,4,3,2,1968,Suburban,Good,Yes,453601
1444,2068.0,4,4,1,1972,Suburban,Excellent,No,435740
1445,2506.0,5,5,1,1996,Rural,Excellent,Yes,495122
1446,1116.0,3,3,2,2015,Downtown,Good,Yes,298839
1447,2996.0,6,5,2,2000,Suburban,Excellent,Yes,669791
1448,3126.0,5,5,2,1977,Rural,Excellent,No,575090
1449,3178.0,3,2,1,2006,Rural,Good,Yes,540333
1450,2047.0,4,4,1,2007,Suburban,Fair,Yes,444091
1451,1335.0,2,2,1,1964,Suburban,Good,Yes,279189
1452,3176.0,5,5,1,1965,Suburban,Good,Yes,582834
1453,2563.0,4,3,2,1996,Rural,Good,Yes,475813
1454,1826.0,2,3,2,2012,Suburban,Good,Yes,392549
1455,1767.0,3,2,1,1961,Downtown,Excellent,No,385548
1456,3300.0,6,5,2,1992,Rural,Fair,Yes,569194
1457,2188.0,4,4,1,1978,Suburban,Good,Yes,441706
1458,2839.0,5,5,2,1998,Suburban,Good,Yes,584358
1459,2033.0,4,3,1,1952,Downtown,Good,No,450484
1460,1662.0,2,2,2,2018,Suburban,Good,No,333717
1461,1330.0,2,2,1,2009,Downtown,Good,No,343611
1462,2679.0,5,5,1,2015,Suburban,Fair,Yes,520264
1463,515.0,1,1,1,1975,Downtown,Good,Yes,141449
1464,2125.0,4,4,1,2020,Suburban,Good,Yes,478124
1465,1742.0,3,3,1,2018,Rural,Fair,Yes,345179
1466,1409.0,4,4,1,1996,Downtown,Excellent,Yes,387030
1467,2421.0,6,5,1,1991,Rural,Good,No,493456
1468,2021.0,3,3,2,1980,Suburban,Good,No,370289
1469,2269.0,1,1,1,1971,Rural,Excellent,No,322424
1470,1651.0,4,4,2,1966,Suburban,Fair,Yes,340001
1471,3346.0,5,5,1,1969,Suburban,Fair,No,628245
1472,3134.0,5,5,2,1957,Suburban,Excellent,Yes,626381
1473,1903.0,3,3,2,1998,Rural,Good,Yes,396158
1474,2991.0,5,5,1,1987,Suburban,Good,No,584871
1475,1440.0,3,3,2,2002,Downtown,Excellent,Yes,435954
1476,2265.0,3,2,1,1977,Suburban,Excellent,Yes,434977
1477,2562.0,4,4,2,1978,Rural,Excellent,Yes,467561
1478,1870.0,3,2,2,2021,Suburban,Good,No,367240
1479,2692.0,5,5,1,1960,Suburban,Good,No,500369
1480,2263.0,4,4,1,1996,Suburban,Good,Yes,461713
1481,2314.0,3,3,1,1994,Rural,Fair,No,361135
1482,1078.0,1,1,1,1967,Downtown,Good,Yes,216540
1483,1753.0,3,2,2,1999,Suburban,Good,Yes,372152
1484,943.0,2,1,1,1998,Downtown,Excellent,No,248072
1485,1605.0,4,4,1,1971,Downtown,Good,No,332412
1486,1121.0,1,1,1,1994,Downtown,Good,No,202891
1487,1494.0,2,2,1,2010,Downtown,Good,Yes,302974
1488,2885.0,4,4,1,1970,Suburban,Fair,No,468475
1489,2080.0,2,2,2,2020,Downtown,Fair,No,391748
1490,2184.0,4,4,1,2010,Suburban,Good,No,427030
1491,1565.0,3,2,2,1985,Downtown,Fair,Yes,355091
1492,2352.0,4,4,1,1973,Downtown,Good,No,449900
1493,1808.0,4,4,1,1981,Downtown,Excellent,Yes,424520
1494,1469.0,2,2,2,2008,Downtown,Excellent,Yes,324314
1495,1487.0,2,1,1,1954,Suburban,Good,Yes,235545
1496,2397.0,6,5,1,1965,Suburban,Good,Yes,515919
1497,2615.0,4,3,2,1960,Suburban,Excellent,Yes,489333
1498,1884.0,4,3,1,1984,Suburban,Excellent,No,395917
1499,1716.0,3,3,1,1991,Downtown,Fair,Yes,386554
1500,2382.0,3,2,2,1959,Rural,Excellent,No,342182
1501,2108.0,2,1,2,1957,Suburban,Good,Yes,331799
1502,956.0,1,1,1,1975,Suburban,Excellent,Yes,206876
1503,1511.0,3,2,1,1952,Downtown,Excellent,Yes,364908
1504,1988.0,4,4,1,2008,Downtown,Fair,Yes,476112
1505,1347.0,3,3,1,1952,Downtown,Excellent,Yes,351660
1506,1621.0,2,2,2,1987,Downtown,Good,Yes,325431
1507,1822.0,4,3,2,1951,Suburban,Excellent,Yes,332851
1508,2380.0,3,3,2,1966,Suburban,Good,Yes,383562
1509,2092.0,4,4,1,1985,Suburban,Excellent,Yes,471361
1510,1730.0,3,2,1,1951,Suburban,Fair,Yes,264563
1511,3400.0,6,5,2,1983,Rural,Good,Yes,641451
1512,2664.0,5,5,1,1976,Suburban,Fair,No,494166
1513,2237.0,3,3,2,1986,Rural,Excellent,No,431974
1514,1799.0,2,1,2,2020,Downtown,Excellent,No,389099
1515,1815.0,3,2,2,1971,Downtown,Excellent,Yes,390597
1516,1857.0,3,3,1,2017,Downtown,Excellent,No,446412
1517,1353.0,5,5,1,1963,Suburban,Fair,No,298943
1518,3204.0,6,5,2,1972,Rural,Good,No,572978
1519,1372.0,2,1,2,1993,Downtown,Fair,Yes,274895
1520,2385.0,3,3,2,2014,Rural,Good,No,420945
1521,2655.0,3,3,1,2010,Downtown,Good,No,511836
1522,2781.0,4,3,2,2004,Rural,Good,Yes,487770
1523,1445.0,2,2,2,2020,Downtown,Good,No,308241
1524,718.0,2,1,1,1999,Downtown,Fair,Yes,236285
1525,2895.0,6,5,2,1961,Suburban,Fair,Yes,545298
1526,1062.0,2,2,2,1964,Downtown,Fair,Yes,266224
1527,1199.0,2,2,1,1966,Downtown,Excellent,No,260909
1528,1467.0,3,3,1,1983,Downtown,Excellent,Yes,374183
1529,3450.0,5,5,2,1984,Rural,Excellent,Yes,651027
1530,2587.0,6,5,1,1988,Suburban,Good,Yes,515789
1531,1537.0,2,2,2,2004,Downtown,Good,Yes,334005
1532,2354.0,4,4,1,2008,Suburban,Excellent,Yes,528773
1533,1900.0,2,2,1,1954,Suburban,Good,No,340750
1534,1656.0,3,3,2,1979,Downtown,Good,No,362690
1535,2237.0,4,4,2,1953,Suburban,Good,Yes,398261
1536,1988.0,3,3,1,1964,Downtown,Fair,Yes,392440
1537,1987.0,3,3,2,1984,Downtown,Good,Yes,477541
1538,2447.0,5,5,1,2004,Suburban,Good,No,476616
1539,1455.0,1,1,1,2015,Downtown,Good,Yes,340667
1540,2571.0,5,5,1,2009,Suburban,Fair,Yes,540007
1541,2154.0,3,3,1,1973,Suburban,Good,Yes,372977
1542,1167.0,2,2,2,1971,Downtown,Excellent,No,271577
1543,1998.0,3,2,2,1993,Suburban,Fair,No,315898
1544,1634.0,3,3,2,1981,Downtown,Good,No,368191
1545,3146.0,6,5,2,2000,Rural,Excellent,No,610425
1546,2108.0,4,4,1,1952,Suburban,Fair,Yes,359399
1547,1874.0,3,3,2,2019,Rural,Fair,Yes,367921
1548,2228.0,5,5,2,1981,Suburban,Good,Yes,456906
1549,1645.0,3,3,2,1951,Downtown,Good,Yes,331719
1550,2293.0,5,5,2,2008,Suburban,Good,Yes,482521
1551,3152.0,6,5,2,1963,Rural,Excellent,Yes,598654
1552,2709.0,2,2,1,2000,Suburban,Fair,Yes,425392
1553,2243.0,3,3,2,1960,Rural,Good,No,308023
1554,2230.0,4,4,2,1959,Rural,Good,No,357204
1555,1184.0,2,2,2,2007,Downtown,Fair,No,270227
1556,1880.0,2,2,1,1983,Downtown,Good,No,385980
1557,2924.0,4,3,2,2002,Suburban,Good,Yes,548965
1558,2042.0,2,1,2,1977,Suburban,Good,No,333574
1559,2455.0,4,3,1,1967,Rural,Fair,Yes,363306
1560,3480.0,6,5,2,1975,Rural,Good,No,598266
1561,1802.0,4,3,1,1956,Downtown,Good,Yes,331955
1562,1774.0,4,4,1,1994,Downtown,Excellent,No,445392
1563,1605.0,3,3,1,1994,Suburban,Fair,Yes,350505
1564,1871.0,4,4,2,2020,Downtown,Good,Yes,451997
1565,2043.0,5,4,1,1984,Rural,Good,No,392502
1566,1633.0,3,3,1,2001,Suburban,Excellent,Yes,362894
1567,2027.0,3,3,1,1970,Suburban,Good,No,397086
1568,1366.0,3,3,1,1977,Downtown,Good,No,325409
1569,2089.0,4,4,1,1993,Suburban,Excellent,No,416812
1570,1480.0,2,1,1,2005,Suburban,Excellent,No,331178
1571,2679.0,4,4,2,1959,Suburban,Good,No,495791
1572,2051.0,4,3,2,1972,Downtown,Good,Yes,431217
1573,1226.0,3,3,1,1997,Suburban,Excellent,No,310514
1574,3187.0,6,5,1,2001,Rural,Excellent,No,618242
1575,1276.0,1,1,2,1964,Downtown,Excellent,No,250736
1576,1943.0,5,5,1,2004,Downtown,Good,Yes,495746
1577,1573.0,2,2,2,1992,Downtown,Fair,No,331401
1578,2214.0,4,4,2,1999,Suburban,Good,No,428879
1579,2107.0,3,3,1,1955,Suburban,Excellent,No,417806
1580,2806.0,6,5,1,1982,Suburban,Good,Yes,521183
1581,1104.0,2,1,2,2011,Downtown,Good,Yes,306483
1582,1843.0,2,2,1,2004,Downtown,Excellent,Yes,388642
1583,2751.0,5,4,1,1988,Suburban,Good,No,520140
1584,2558.0,5,5,1,1961,Suburban,Excellent,No,466923
1585,3995.0,6,5,2,1980,Rural,Good,Yes,662883
1586,1388.0,3,2,2,2002,Downtown,Good,Yes,346226
1587,2679.0,4,4,1,1983,Suburban,Good,Yes,513427
1588,2147.0,3,4,2,1990,Suburban,Excellent,Yes,474689
1589,2817.0,3,3,1,1959,Suburban,Fair,No,447431
1590,2196.0,3,3,2,2001,Suburban,Fair,No,423418
1591,2006.0,5,5,1,2006,Suburban,Excellent,Yes,484539
1592,3384.0,6,5,2,1952,Rural,Fair,Yes,589224
1593,1403.0,2,2,2,2006,Downtown,Good,Yes,311806
1594,1035.0,3,2,1,1982,Downtown,Good,No,267948
1595,1942.0,3,3,1,1956,Suburban,Good,Yes,366064
1596,2510.0,4,4,1,1953,Suburban,Good,Yes,448426
1597,2157.0,4,4,1,1988,Downtown,Good,Yes,492303
1598,1644.0,3,3,1,1997,Downtown,Good,No,388780
1599,2127.0,3,2,2,1965,Downtown,Good,No,390983
1600,1785.0,4,3,2,1987,Rural,Good,No,342030
1601,1423.0,2,2,1,1953,Downtown,Fair,Yes,226546
1602,1485.0,3,3,2,1953,Downtown,Good,Yes,281930
1603,1554.0,3,3,2,1976,Downtown,Fair,Yes,324440
1604,1634.0,3,3,2,1966,Downtown,Good,No,354495
1605,1876.0,2,1,1,2019,Downtown,Good,Yes,386396
1606,1978.0,2,2,1,2003,Suburban,Fair,Yes,333652
1607,1656.0,3,2,1,1957,Downtown,Excellent,No,348235
1608,2573.0,4,3,1,2002,Rural,Good,No,449361
1609,1230.0,2,2,2,1954,Downtown,Excellent,Yes,271978
1610,2143.0,4,3,2,2018,Suburban,Excellent,Yes,446250
1611,2514.0,6,5,1,1996,Rural,Good,Yes,502322
1612,2117.0,3,2,1,1989,Suburban,Fair,No,394023
1613,2216.0,2,2,2,1956,Suburban,Good,No,322923
1614,1630.0,3,2,2,1961,Downtown,Excellent,Yes,405012
1615,1427.0,2,2,2,1974,Downtown,Good,Yes,299470
1616,2836.0,5,5,1,1977,Suburban,Fair,No,514453
1617,1898.0,4,4,2,1992,Rural,Good,No,358411
1618,1840.0,4,4,2,1996,Suburban,Excellent,Yes,427974
1619,3590.0,5,5,2,1998,Suburban,Excellent,Yes,644322
1620,1681.0,2,1,1,2003,Suburban,Fair,Yes,310714
1621,1523.0,3,3,1,1967,Suburban,Good,Yes,322282
1622,1894.0,4,3,1,1976,Downtown,Good,No,433717
1623,1161.0,3,3,2,2021,Suburban,Good,No,287714
1624,2459.0,5,5,2,1955,Rural,Excellent,No,438618
1625,2458.0,4,4,2,2018,Downtown,Good,Yes,570266
1626,1428.0,2,1,2,2020,Suburban,Good,No,332894
1627,807.0,1,1,1,1971,Downtown,Fair,Yes,189170
1628,1450.0,2,2,1,2008,Suburban,Excellent,Yes,322954
1629,1959.0,4,4,1,1996,Downtown,Excellent,Yes,513652
1630,2762.0,5,4,1,2017,Suburban,Good,Yes,540731
1631,1944.0,2,2,2,1981,Suburban,Excellent,No,359099
1632,1873.0,3,2,2,1950,Downtown,Fair,Yes,419929
1633,2895.0,5,4,1,2003,Suburban,Good,Yes,586363
1634,3094.0,5,5,2,1995,Suburban,Good,Yes,626898
1635,2452.0,4,3,2,1990,Rural,Fair,Yes,415870
1636,679.0,1,1,1,1990,Downtown,Good,Yes,210630
1637,1272.0,3,2,1,1957,Downtown,Excellent,Yes,341891
1638,1429.0,3,3,1,1981,Downtown,Fair,No,284390
1639,2445.0,4,3,1,1979,Rural,Good,Yes,420718
1640,2487.0,4,4,2,1995,Rural,Good,Yes,464261
1641,2759.0,5,5,1,2001,Suburban,Good,Yes,564753
1642,3365.0,4,3,1,2010,Rural,Excellent,No,573129
1643,2114.0,3,3,2,1962,Suburban,Good,Yes,421266
1644,2749.0,4,4,2,1989,Suburban,Good,Yes,532019
1645,1743.0,2,2,1,2010,Downtown,Excellent,Yes,392910
1646,2232.0,3,3,2,1993,Suburban,Fair,Yes,445486
1647,1963.0,4,4,1,2011,Downtown,Good,Yes,510934
1648,2643.0,5,5,1,1993,Rural,Good,No,516167
1649,3229.0,5,5,2,1997,Suburban,Good,No,603141
1650,1481.0,3,3,1,2008,Suburban,Excellent,Yes,349474
1651,1394.0,2,1,2,2006,Downtown,Excellent,No,304776
1652,1549.0,3,3,1,1960,Downtown,Good,No,336573
1653,1776.0,3,3,1,1974,Downtown,Excellent,Yes,437100
1654,2107.0,2,2,2,2010,Downtown,Fair,Yes,445710
1655,1590.0,4,3,1,1995,Downtown,Fair,Yes,431265
1656,1747.0,3,3,2,2003,Rural,Good,Yes,283135
1657,2621.0,4,4,2,1983,Suburban,Good,No,492048
1658,1902.0,2,2,2,1956,Downtown,Good,No,369962
1659,823.0,2,1,2,2011,Downtown,Good,No,219863
1660,2198.0,4,4,1,2006,Suburban,Excellent,No,441493
1661,1405.0,3,3,2,1954,Suburban,Good,Yes,249344
1662,1868.0,3,3,2,1984,Suburban,Good,Yes,374159
1663,2058.0,3,3,2,1986,Rural,Fair,No,304335
1664,2605.0,5,4,2,2009,Suburban,Fair,Yes,566434
1665,2670.0,5,5,2,2014,Rural,Good,No,523180
1666,1829.0,3,3,1,1965,Rural,Good,No,288946
1667,1952.0,4,4,2,1979,Downtown,Excellent,No,448890
1668,1740.0,3,2,1,1991,Rural,Fair,No,309916
1669,1732.0,3,3,1,2010,Downtown,Fair,Yes,439413
1670,2112.0,4,4,2,1997,Rural,Good,No,366177
1671,1454.0,3,3,1,2011,Downtown,Good,No,344352
1672,2903.0,5,5,1,2013,Rural,Fair,Yes,538140
1673,2913.0,6,5,1,2006,Rural,Excellent,No,556606
1674,3402.0,4,4,2,2017,Rural,Fair,Yes,548762
1675,2159.0,5,5,1,1995,Suburban,Good,No,440997
1676,1723.0,2,1,2,1977,Downtown,Good,Yes,328265
1677,1425.0,2,2,1,1952,Downtown,Fair,Yes,253526
1678,2291.0,4,4,1,1986,Suburban,Good,Yes,470842
1679,1776.0,3,3,1,1997,Downtown,Excellent,No,412192
1680,2151.0,4,4,2,1968,Suburban,Good,Yes,439373
1681,878.0,1,1,1,1966,Downtown,Excellent,Yes,197729
1682,2799.0,5,4,2,1989,Rural,Fair,Yes,514751
1683,2382.0,4,4,2,1999,Suburban,Excellent,No,492980
1684,2192.0,4,4,2,1978,Rural,Good,Yes,384997
1685,1086.0,2,2,2,2000,Downtown,Good,Yes,329248
1686,3486.0,6,5,1,1991,Rural,Good,No,622010
1687,2895.0,4,4,2,1978,Rural,Excellent,Yes,504328
1688,2085.0,3,3,2,2015,Suburban,Good,No,422078
1689,1631.0,3,3,2,1966,Suburban,Fair,Yes,288497
1690,1789.0,4,4,2,1980,Suburban,Fair,No,354487
1691,2121.0,3,3,2,2001,Downtown,Excellent,Yes,533179
1692,2269.0,3,3,2,1988,Suburban,Good,Yes,387280
1693,1380.0,3,2,1,2009,Downtown,Excellent,No,345281
1694,1804.0,3,3,2,2000,Downtown,Good,Yes,413294
1695,1274.0,3,3,2,1965,Downtown,Good,No,286899
1696,2200.0,3,2,2,1963,Downtown,Fair,Yes,404879
1697,2141.0,2,2,1,1991,Downtown,Excellent,Yes,491605
1698,1413.0,2,1,2,2000,Downtown,Good,Yes,309238
1699,2223.0,3,3,2,1973,Rural,Excellent,No,386472
1700,891.0,1,1,1,1992,Suburban,Good,Yes,172182
1701,1711.0,2,2,2,1968,Rural,Good,Yes,278120
1702,1530.0,3,3,1,2010,Suburban,Good,Yes,370928
1703,1654.0,3,3,2,2012,Downtown,Good,Yes,404874
1704,2037.0,4,4,1,1975,Suburban,Excellent,Yes,419931
1705,1527.0,3,2,1,1984,Suburban,Excellent,No,313635
1706,1488.0,3,3,1,2016,Downtown,Excellent,Yes,420308
1707,2453.0,4,4,2,2005,Suburban,Excellent,No,526315
1708,1811.0,3,2,1,1989,Downtown,Good,Yes,402530
1709,1250.0,2,2,2,1978,Suburban,Good,No,235388
1710,2136.0,5,4,2,1955,Suburban,Excellent,No,462106
1711,1047.0,2,2,2,2001,Downtown,Fair,Yes,258814
1712,1961.0,2,1,1,1950,Downtown,Excellent,No,349714
1713,2592.0,4,4,2,2001,Suburban,Excellent,Yes,580485
1714,1751.0,2,2,2,1973,Suburban,Good,No,300833
1715,1294.0,3,3,1,1983,Downtown,Excellent,No,351453
1716,2323.0,5,4,1,1956,Rural,Good,Yes,390194
1717,699.0,1,1,1,1960,Downtown,Good,Yes,196733
1718,2368.0,4,4,2,1985,Suburban,Fair,Yes,430988
1719,2436.0,3,3,1,1969,Rural,Good,Yes,367329
1720,1988.0,4,3,1,2012,Downtown,Good,Yes,490979
1721,1161.0,1,1,2,2012,Downtown,Good,Yes,274359
1722,1352.0,2,2,2,2018,Downtown,Excellent,Yes,356675
1723,997.0,1,1,2,1979,Downtown,Excellent,No,246520
1724,1198.0,3,3,2,1979,Downtown,Fair,Yes,295733
1725,1609.0,3,2,1,1971,Suburban,Good,Yes,285308
1726,1998.0,3,4,2,2010,Downtown,Excellent,No,456119
1727,1851.0,2,2,1,1970,Suburban,Fair,Yes,295217
1728,2675.0,6,5,2,1986,Rural,Fair,Yes,534760
1729,2372.0,3,2,2,1976,Rural,Fair,Yes,403296
1730,1565.0,1,1,1,1984,Suburban,Good,No,239036
1731,1533.0,3,2,2,1987,Downtown,Fair,No,341061
1732,2500.0,3,2,1,2009,Suburban,Excellent,Yes,484027
1733,1596.0,3,3,1,2019,Suburban,Good,No,386375
1734,2605.0,4,3,2,1981,Suburban,Good,Yes,546633
1735,1260.0,3,2,2,1976,Downtown,Good,No,310267
1736,2310.0,5,5,2,1952,Rural,Good,No,391092
1737,2465.0,3,3,2,1998,Suburban,Good,No,424161
1738,1335.0,2,2,2,1979,Downtown,Excellent,Yes,331263
1739,1615.0,3,3,1,1971,Downtown,Excellent,Yes,380449
1740,2043.0,4,4,1,1968,Suburban,Good,Yes,372676
1741,2678.0,4,4,1,1980,Rural,Excellent,No,475748
1742,1010.0,1,1,1,1969,Suburban,Excellent,Yes,256284
1743,1285.0,2,2,2,1968,Suburban,Excellent,No,273436
1744,1846.0,3,2,1,1951,Downtown,Fair,No,312812
1745,2719.0,5,4,1,1989,Suburban,Fair,Yes,527161
1746,1745.0,2,2,1,1988,Suburban,Good,No,325213
1747,1502.0,4,4,2,2021,Downtown,Good,No,417829
1748,1718.0,2,2,2,2003,Downtown,Good,No,324694
1749,2547.0,4,4,1,1976,Suburban,Good,No,468821
1750,789.0,1,1,2,1961,Downtown,Excellent,No,196787
1751,1757.0,4,3,1,2020,Suburban,Excellent,Yes,418730
1752,1467.0,2,2,2,1966,Downtown,Excellent,No,268816
1753,1881.0,5,5,1,1959,Downtown,Good,Yes,441166
1754,2599.0,5,5,1,1968,Downtown,Good,No,558572
1755,2463.0,4,4,2,1979,Rural,Good,No,408433
1756,1756.0,2,2,2,1979,Rural,Fair,Yes,262582
1757,2841.0,5,4,1,1974,Rural,Fair,No,511318
1758,2860.0,4,3,2,2015,Suburban,Good,Yes,548966
1759,1643.0,4,3,2,1984,Downtown,Good,Yes,397804
1760,1747.0,2,2,2,2000,Suburban,Excellent,Yes,315335
1761,2679.0,4,3,1,2020,Suburban,Fair,No,481636
1762,2998.0,5,4,1,2020,Rural,Excellent,No,624544
1763,1190.0,1,1,2,1976,Downtown,Good,No,281448
1764,2391.0,5,5,1,1959,Suburban,Good,Yes,488369
1765,1999.0,4,3,1,1992,Downtown,Good,No,380019
1766,2073.0,4,4,1,2004,Downtown,Good,No,437076
1767,2167.0,2,2,2,2020,Suburban,Good,Yes,385017
1768,2021.0,4,4,1,1955,Suburban,Good,Yes,359662
1769,2091.0,5,5,2,1955,Downtown,Fair,Yes,451168
1770,1116.0,2,2,1,1997,Downtown,Fair,No,285132
1771,2419.0,5,5,1,1951,Suburban,Good,No,442565
1772,1515.0,2,2,1,2000,Suburban,Excellent,No,306628
1773,3239.0,4,4,1,2010,Rural,Good,Yes,567002
1774,2445.0,4,4,2,1968,Rural,Excellent,No,452881
1775,2834.0,5,5,2,1951,Suburban,Good,Yes,554010
1776,1797.0,2,1,1,2000,Downtown,Excellent,Yes,401006
1777,1588.0,2,2,1,1975,Suburban,Excellent,No,334164
1778,2912.0,5,4,2,2019,Suburban,Good,Yes,582272
1779,2220.0,4,3,2,1969,Downtown,Good,No,491301
1780,3129.0,6,5,2,1972,Rural,Excellent,Yes,571893
1781,1295.0,2,2,2,2003,Downtown,Good,No,257024
1782,2416.0,4,3,1,1964,Rural,Good,Yes,374083
1783,2273.0,3,3,2,1955,Suburban,Fair,Yes,358571
1784,1848.0,3,3,1,1984,Suburban,Excellent,Yes,370300
1785,3046.0,4,3,1,1957,Suburban,Excellent,Yes,576069
1786,2687.0,5,5,2,2006,Rural,Fair,No,484197
1787,848.0,1,1,2,1999,Suburban,Good,Yes,153933
1788,2370.0,5,5,2,1998,Suburban,Good,No,457286
1789,1461.0,2,2,1,1970,Downtown,Fair,No,288327
1790,2163.0,4,4,1,1985,Suburban,Excellent,Yes,499002
1791,1453.0,2,1,1,2020,Downtown,Good,Yes,352141
1792,2604.0,4,4,2,2018,Suburban,Fair,No,531149
1793,2760.0,3,3,1,2007,Suburban,Good,No,512664
1794,2342.0,3,3,2,2012,Suburban,Excellent,No,430173
1795,1464.0,2,1,1,1965,Downtown,Fair,Yes,303796
1796,1583.0,3,2,2,1955,Downtown,Good,No,290036
1797,2210.0,4,4,2,2001,Suburban,Good,Yes,451505
1798,1279.0,2,2,1,1951,Downtown,Fair,No,229064
1799,1832.0,2,2,1,1967,Downtown,Fair,No,336585
1800,1784.0,2,1,2,1984,Downtown,Good,Yes,354578
1801,3524.0,6,5,2,1988,Rural,Good,Yes,627420
1802,2828.0,6,5,2,1950,Suburban,Excellent,Yes,557953
1803,1326.0,3,2,2,1986,Downtown,Excellent,Yes,351887
1804,1928.0,4,3,1,1970,Downtown,Excellent,No,420544
1805,1220.0,2,2,2,1950,Downtown,Good,Yes,258568
1806,2548.0,5,4,1,1953,Suburban,Excellent,Yes,551049
1807,1942.0,3,2,2,2007,Suburban,Good,Yes,416639
1808,1191.0,2,2,1,1950,Downtown,Good,No,231357
1809,1712.0,3,2,2,1962,Downtown,Fair,No,335543
1810,530.0,1,1,1,1995,Downtown,Fair,Yes,170211
1811,1325.0,2,2,1,1996,Suburban,Good,Yes,281022
1812,2111.0,4,3,1,1956,Suburban,Good,No,380054
1813,1633.0,3,3,2,2000,Downtown,Good,No,380149
1814,1452.0,4,4,2,1952,Downtown,Good,Yes,345082
1815,968.0,2,2,2,1999,Downtown,Good,Yes,256293
1816,2109.0,4,4,1,1975,Rural,Good,Yes,374701
1817,1756.0,3,3,2,1980,Downtown,Good,Yes,348924
1818,2491.0,4,4,2,2011,Suburban,Excellent,Yes,547801
1819,2192.0,3,2,1,1975,Suburban,Excellent,No,414060
1820,2063.0,3,2,1,2016,Downtown,Good,Yes,506049
1821,1759.0,3,2,1,2004,Downtown,Good,No,357384
1822,1301.0,2,1,1,1977,Downtown,Good,Yes,276532
1823,2060.0,4,4,1,1993,Suburban,Excellent,No,467814
1824,1499.0,3,2,2,1987,Suburban,Good,No,304354
1825,2146.0,3,3,1,1979,Suburban,Good,Yes,446938
1826,2756.0,6,5,2,2015,Suburban,Fair,Yes,620192
1827,1874.0,3,3,2,1957,Downtown,Good,No,312406
1828,3441.0,6,5,2,1963,Rural,Good,Yes,609199
1829,2049.0,3,3,2,2011,Suburban,Excellent,Yes,447833
1830,2138.0,4,4,1,2012,Downtown,Good,Yes,501227
1831,2484.0,5,5,2,2015,Rural,Good,No,474197
1832,2936.0,5,5,1,1989,Suburban,Excellent,Yes,639195
1833,2189.0,2,3,2,1962,Suburban,Excellent,No,386236
1834,2554.0,4,3,2,1966,Suburban,Good,Yes,388315
1835,3485.0,6,5,2,1964,Rural,Good,No,583764
1836,2103.0,4,4,2,1982,Suburban,Good,Yes,481637
1837,1687.0,3,3,1,1965,Downtown,Excellent,No,346184
1838,2116.0,2,2,1,1962,Downtown,Fair,Yes,420019
1839,2520.0,4,3,2,1972,Rural,Excellent,No,458504
1840,1072.0,2,1,1,1985,Downtown,Good,No,240192
1841,2457.0,4,3,2,1992,Downtown,Good,Yes,521318
1842,1965.0,4,4,1,1999,Suburban,Fair,Yes,414000
1843,2279.0,4,3,2,1962,Suburban,Good,Yes,411419
1844,2778.0,5,5,1,1979,Suburban,Good,Yes,532257
1845,2235.0,4,4,2,2006,Rural,Fair,No,440469
1846,1197.0,1,1,2,1979,Downtown,Good,Yes,254447
1847,1701.0,1,1,1,2020,Downtown,Excellent,Yes,367297
1848,883.0,2,2,1,1959,Downtown,Good,No,222378
1849,2427.0,4,3,1,2015,Rural,Excellent,Yes,483744
1850,2323.0,3,4,1,1988,Suburban,Fair,Yes,403764
1851,1492.0,1,1,1,1986,Downtown,Good,Yes,290456
1852,1674.0,3,2,1,1952,Rural,Fair,No,196054
1853,3557.0,6,5,2,1983,Rural,Good,No,685720
1854,2662.0,5,4,1,1987,Rural,Excellent,No,483818
1855,3459.0,6,5,2,1963,Rural,Good,Yes,588302
1856,1496.0,1,1,2,2013,Downtown,Fair,No,293914
1857,1760.0,2,2,1,1988,Suburban,Good,Yes,314163
1858,2335.0,4,4,1,2003,Suburban,Good,Yes,476685
1859,2471.0,5,5,2,1951,Rural,Good,Yes,471440
1860,1611.0,2,2,1,1992,Suburban,Excellent,Yes,338131
1861,2935.0,6,5,2,2002,Suburban,Excellent,Yes,592026
1862,1889.0,3,3,2,1952,Suburban,Good,Yes,317027
1863,864.0,1,1,1,1990,Downtown,Good,Yes,226261
1864,2864.0,5,5,2,1957,Suburban,Good,Yes,520452
1865,2297.0,4,4,1,2012,Rural,Fair,No,414367
1866,2235.0,4,4,1,2014,Rural,Good,Yes,503352
1867,894.0,1,1,2,1953,Downtown,Good,No,152662
1868,2296.0,4,4,2,2017,Downtown,Good,Yes,492336
1869,1084.0,2,2,2,1959,Downtown,Good,No,218448
1870,2229.0,3,2,2,1999,Suburban,Fair,Yes,368875
1871,3148.0,6,5,2,1972,Rural,Good,Yes,601755
1872,1769.0,3,2,2,2010,Downtown,Fair,Yes,370057
1873,2170.0,4,4,1,1996,Suburban,Fair,No,402507
1874,1579.0,3,2,2,1952,Rural,Excellent,No,221848
1875,1795.0,2,2,2,1966,Suburban,Fair,Yes,265865
1876,2294.0,5,5,1,1971,Suburban,Good,Yes,472372
1877,1806.0,1,1,2,1965,Suburban,Fair,No,248061
1878,2302.0,3,2,1,1952,Suburban,Excellent,No,351619
1879,1873.0,3,3,2,2001,Downtown,Good,Yes,418249
1880,2681.0,5,5,2,1982,Suburban,Good,Yes,547216
1881,1587.0,3,3,2,1991,Suburban,Good,Yes,327346
1882,3918.0,6,5,1,1951,Rural,Excellent,No,678945
1883,2584.0,4,4,2,1988,Suburban,Excellent,Yes,565235
1884,2199.0,3,3,1,1995,Suburban,Good,No,433390
1885,2036.0,2,2,2,1997,Downtown,Excellent,Yes,445273
1886,3383.0,6,5,2,1976,Suburban,Excellent,Yes,686548
1887,1025.0,2,2,2,1964,Downtown,Excellent,Yes,323744
1888,1510.0,4,3,2,1956,Downtown,Good,No,300042
1889,1011.0,1,1,2,2006,Suburban,Good,No,217755
1890,2716.0,5,5,1,1991,Rural,Good,Yes,486076
1891,1746.0,3,3,1,1958,Downtown,Excellent,No,382116
1892,2180.0,4,4,2,1955,Suburban,Good,Yes,383344
1893,2207.0,4,4,1,2006,Rural,Good,Yes,444968
1894,780.0,1,1,1,1979,Downtown,Good,Yes,207232
1895,2387.0,4,4,2,2004,Suburban,Excellent,Yes,546980
1896,2928.0,6,5,1,2003,Suburban,Excellent,Yes,619826
1897,1904.0,4,4,1,1976,Suburban,Fair,No,363945
1898,1776.0,2,2,2,2008,Downtown,Excellent,Yes,405942
1899,973.0,1,1,1,1956,Downtown,Good,No,253120
1900,2429.0,4,4,1,1989,Suburban,Excellent,Yes,517710
1901,2003.0,4,4,1,2021,Suburban,Good,No,469525
1902,1295.0,3,2,2,1951,Downtown,Good,Yes,307489
1903,1820.0,2,2,2,1963,Suburban,Excellent,Yes,360973
1904,1443.0,2,1,2,1959,Downtown,Good,Yes,253432
1905,2391.0,5,4,1,1999,Suburban,Excellent,Yes,506622
1906,1075.0,1,1,2,1967,Downtown,Good,No,200347
1907,2362.0,4,4,2,1967,Rural,Good,Yes,414152
1908,1583.0,2,2,2,1965,Downtown,Good,No,309916
1909,1160.0,3,3,2,2001,Downtown,Good,Yes,287267
1910,2319.0,3,2,1,2018,Downtown,Good,Yes,494597
1911,1259.0,3,3,1,2001,Downtown,Fair,Yes,280949
1912,2198.0,4,4,1,1980,Rural,Good,No,405826
1913,2013.0,4,3,1,1972,Rural,Fair,No,333771
1914,2319.0,2,2,2,1991,Downtown,Excellent,Yes,505459
1915,2476.0,3,3,2,2011,Suburban,Excellent,Yes,506717
1916,1732.0,3,3,2,1999,Suburban,Good,Yes,354382
1917,3264.0,6,5,1,1964,Rural,Excellent,No,544321
1918,2300.0,3,2,1,1993,Suburban,Good,No,403586
1919,1703.0,2,2,1,1991,Downtown,Good,Yes,348002
1920,2028.0,4,4,1,1994,Suburban,Excellent,Yes,459333
1921,1825.0,3,3,1,1984,Suburban,Excellent,Yes,375066
1922,1735.0,3,2,2,1971,Downtown,Good,No,369343
1923,1927.0,4,3,1,1987,Suburban,Excellent,Yes,451495
1924,2327.0,3,3,2,2019,Downtown,Good,No,457200
1925,1565.0,2,2,1,2013,Suburban,Excellent,Yes,348101
1926,2214.0,5,4,2,1956,Downtown,Fair,No,450887
1927,2144.0,4,4,2,1993,Suburban,Good,No,438382
1928,2350.0,4,3,1,1956,Suburban,Good,No,431228
1929,2617.0,6,5,2,2015,Suburban,Good,No,598380
1930,1348.0,1,1,2,2009,Downtown,Fair,No,254272
1931,2632.0,5,5,2,1950,Suburban,Excellent,Yes,483069
1932,846.0,3,2,2,2011,Suburban,Fair,Yes,235026
1933,1840.0,3,3,1,1967,Suburban,Good,Yes,363599
1934,1738.0,3,3,2,1956,Suburban,Good,No,331131
1935,1573.0,2,2,2,2003,Suburban,Good,Yes,301248
1936,2471.0,4,4,1,2016,Rural,Good,No,417687
1937,1754.0,3,3,1,1959,Downtown,Good,No,388592
1938,3022.0,6,5,2,2010,Rural,Fair,Yes,588912
1939,2320.0,5,5,1,2008,Suburban,Fair,Yes,491305
1940,1334.0,3,3,2,2008,Downtown,Good,Yes,304464
1941,1748.0,3,2,2,2018,Downtown,Excellent,Yes,416550
1942,1650.0,4,3,2,2012,Downtown,Excellent,Yes,458505
1943,2668.0,4,3,1,1957,Suburban,Fair,Yes,475586
1944,2588.0,5,4,1,2004,Suburban,Good,No,483379
1945,2215.0,4,4,1,1955,Suburban,Fair,No,411767
1946,1751.0,3,3,2,1950,Suburban,Fair,Yes,312401
1947,1874.0,3,2,2,2005,Suburban,Good,Yes,410948
1948,1380.0,1,1,2,1959,Downtown,Good,Yes,249084
1949,1474.0,2,1,2,1972,Downtown,Fair,No,265990
1950,2334.0,4,4,1,1965,Suburban,Good,No,434859
1951,1886.0,2,2,1,1965,Downtown,Fair,Yes,349592
1952,1580.0,3,3,2,2005,Downtown,Excellent,Yes,388125
1953,2208.0,4,3,1,1955,Suburban,Excellent,No,459317
1954,2272.0,4,3,1,1979,Suburban,Fair,No,449341
1955,2290.0,3,2,1,2012,Rural,Good,Yes,380161
1956,2045.0,4,4,1,1950,Rural,Excellent,No,363342
1957,1322.0,4,4,1,2000,Suburban,Excellent,Yes,318010
1958,1852.0,3,2,2,1995,Suburban,Good,Yes,409837
1959,2437.0,4,3,2,1970,Suburban,Fair,No,447895
1960,1849.0,3,3,2,1987,Suburban,Fair,No,371652
1961,1505.0,3,3,2,2018,Downtown,Good,Yes,384879
1962,2433.0,4,4,2,2012,Suburban,Good,No,517587
1963,2912.0,5,5,2,1999,Rural,Fair,Yes,565291
1964,1168.0,3,2,1,1961,Downtown,Good,No,261439
1965,2699.0,6,5,2,2018,Suburban,Fair,Yes,549177
1966,2764.0,4,5,1,1993,Suburban,Excellent,No,560437
1967,1148.0,2,2,1,2001,Downtown,Good,No,280564
1968,1270.0,1,1,1,1958,Downtown,Fair,Yes,286542
1969,2076.0,5,4,2,2014,Downtown,Good,No,496150
1970,1541.0,2,2,1,1959,Downtown,Good,No,303842
1971,712.0,1,1,1,1995,Downtown,Excellent,No,230238
1972,1760.0,3,3,1,2007,Rural,Good,Yes,337227
1973,1500.0,4,4,2,1986,Downtown,Good,No,391077
1974,1618.0,3,2,2,2001,Suburban,Excellent,No,331356
1975,1435.0,3,3,2,1962,Downtown,Good,Yes,302933
1976,2619.0,5,4,1,1955,Rural,Excellent,No,435274
1977,2185.0,5,5,1,2007,Downtown,Good,Yes,522398
1978,2055.0,3,2,2,1997,Suburban,Good,Yes,400506
1979,3244.0,5,5,1,1981,Rural,Fair,Yes,578662
1980,3457.0,5,5,2,1960,Rural,Good,Yes,598711
1981,2174.0,3,2,2,1954,Downtown,Excellent,No,420807
1982,2771.0,4,3,2,1955,Rural,Excellent,Yes,440613
1983,1218.0,3,3,2,1970,Suburban,Good,No,270176
1984,2430.0,4,3,1,1991,Suburban,Good,Yes,434392
1985,2019.0,4,4,1,1976,Downtown,Excellent,Yes,443474
1986,1568.0,3,3,2,1952,Downtown,Excellent,Yes,361708
1987,3072.0,5,5,1,2009,Suburban,Fair,Yes,627235
1988,2630.0,4,4,1,2015,Suburban,Good,No,534243
1989,2484.0,4,4,1,1998,Suburban,Good,No,480267
1990,2743.0,5,4,1,1983,Suburban,Excellent,No,551797
1991,2367.0,4,4,1,1986,Suburban,Fair,Yes,433834
1992,603.0,1,1,1,1991,Downtown,Good,Yes,172072
1993,1950.0,3,3,2,2014,Suburban,Excellent,Yes,416512
1994,2079.0,3,2,2,2009,Downtown,Fair,Yes,417354
1995,1796.0,5,5,2,1950,Suburban,Good,Yes,375924
1996,2088.0,4,3,2,2008,Suburban,Good,No,418926
1997,1973.0,4,3,1,1953,Rural,Good,Yes,321906
1998,2314.0,4,3,1,1963,Downtown,Good,No,448888
1999,2273.0,3,2,1,1967,Downtown,Good,Yes,369612
2000,1246.0,2,2,2,1983,Downtown,Fair,Yes,295996
